Device;Device serial;ID;Date/Time;Value;Unit;Mode;Value2;Unit2;Mode2;Measurement;Calibration;Additional;Sensor;Sensor serial;User
Multi 3620 IDS; 22490970;4;20.08.2026 10:21:44;1.8;µS/cm;Cond;-0.1;°C;Temp;AR;;C = 0.475 1/cm   Tref25   nLF;TetraCon 925-P; 16201701;
Multi 3620 IDS; 22490970;4;20.08.2026 10:21:45;1.8;µS/cm;Cond;-0.1;°C;Temp;AR;;C = 0.475 1/cm   Tref25   nLF;TetraCon 925-P; 16201701;
Multi 3620 IDS; 22490970;4;20.08.2026 10:21:46;1.8;µS/cm;Cond;-0.1;°C;Temp;AR;;C = 0.475 1/cm   Tref25   nLF;TetraCon 925-P; 16201701;
Multi 3620 IDS; 22490970;4;20.08.2026 10:21:47;1.8;µS/cm;Cond;-0.1;°C;Temp;AR;;C = 0.475 1/cm   Tref25   nLF;TetraCon 925-P; 16201701;
Multi 3620 IDS; 22490970;4;20.08.2026 10:21:48;1.8;µS/cm;Cond;-0.1;°C;Temp;AR;;C = 0.475 1/cm   Tref25   nLF;TetraCon 925-P; 16201701;
Multi 3620 IDS; 22490970;4;20.08.2026 10:21:49;1.8;µS/cm;Cond;-0.1;°C;Temp;AR;;C = 0.475 1/cm   Tref25   nLF;TetraCon 925-P; 16201701;
Multi 3620 IDS; 22490970;4;20.08.2026 10:21:50;1.8;µS/cm;Cond;-0.1;°C;Temp;AR;;C = 0.475 1/cm   Tref25   nLF;TetraCon 925-P; 16201701;
Multi 3620 IDS; 22490970;4;20.08.2026 10:21:51;1.8;µS/cm;Cond;-0.1;°C;Temp;AR;;C = 0.475 1/cm   Tref25   nLF;TetraCon 925-P; 16201701;
Multi 3620 IDS; 22490970;4;20.08.2026 10:21:52;1.8;µS/cm;Cond;-0.1;°C;Temp;AR;;C = 0.475 1/cm   Tref25   nLF;TetraCon 925-P; 16201701;
Multi 3620 IDS; 22490970;4;20.08.2026 10:21:53;1.8;µS/cm;Cond;-0.1;°C;Temp;AR;;C = 0.475 1/cm   Tref25   nLF;TetraCon 925-P; 16201701;
Multi 3620 IDS; 22490970;4;20.08.2026 10:21:54;1.8;µS/cm;Cond;-0.1;°C;Temp;AR;;C = 0.475 1/cm   Tref25   nLF;TetraCon 925-P; 16201701;
Multi 3620 IDS; 22490970;4;20.08.2026 10:21:55;1.8;µS/cm;Cond;-0.1;°C;Temp;AR;;C = 0.475 1/cm   Tref25   nLF;TetraCon 925-P; 16201701;
Multi 3620 IDS; 22490970;4;20.08.2026 10:21:56;1.8;µS/cm;Cond;-0.1;°C;Temp;AR;;C = 0.475 1/cm   Tref25   nLF;TetraCon 925-P; 16201701;
Multi 3620 IDS; 22490970;4;20.08.2026 10:21:57;1.8;µS/cm;Cond;-0.1;°C;Temp;AR;;C = 0.475 1/cm   Tref25   nLF;TetraCon 925-P; 16201701;
Multi 3620 IDS; 22490970;4;20.08.2026 10:21:58;1.8;µS/cm;Cond;-0.1;°C;Temp;AR;;C = 0.475 1/cm   Tref25   nLF;TetraCon 925-P; 16201701;
Multi 3620 IDS; 22490970;4;20.08.2026 10:21:59;1.8;µS/cm;Cond;-0.1;°C;Temp;AR;;C = 0.475 1/cm   Tref25   nLF;TetraCon 925-P; 16201701;
Multi 3620 IDS; 22490970;4;20.08.2026 10:22:00;1.8;µS/cm;Cond;-0.1;°C;Temp;AR;;C = 0.475 1/cm   Tref25   nLF;TetraCon 925-P; 16201701;
Multi 3620 IDS; 22490970;4;20.08.2026 10:22:01;1.8;µS/cm;Cond;-0.1;°C;Temp;AR;;C = 0.475 1/cm   Tref25   nLF;TetraCon 925-P; 16201701;
Multi 3620 IDS; 22490970;4;20.08.2026 10:22:02;1.8;µS/cm;Cond;-0.1;°C;Temp;AR;;C = 0.475 1/cm   Tref25   nLF;TetraCon 925-P; 16201701;
Multi 3620 IDS; 22490970;4;20.08.2026 10:22:03;1.8;µS/cm;Cond;-0.1;°C;Temp;AR;;C = 0.475 1/cm   Tref25   nLF;TetraCon 925-P; 16201701;
Multi 3620 IDS; 22490970;4;20.08.2026 10:22:04;1.8;µS/cm;Cond;-0.1;°C;Temp;;;C = 0.475 1/cm   Tref25   nLF;TetraCon 925-P; 16201701;
Multi 3620 IDS; 22490970;4;20.08.2026 10:22:05;1.7;µS/cm;Cond;-0.1;°C;Temp;;;C = 0.475 1/cm   Tref25   nLF;TetraCon 925-P; 16201701;
Multi 3620 IDS; 22490970;4;20.08.2026 10:22:06;1.8;µS/cm;Cond;-0.1;°C;Temp;;;C = 0.475 1/cm   Tref25   nLF;TetraCon 925-P; 16201701;
Multi 3620 IDS; 22490970;4;20.08.2026 10:22:07;1.8;µS/cm;Cond;-0.1;°C;Temp;;;C = 0.475 1/cm   Tref25   nLF;TetraCon 925-P; 16201701;
Multi 3620 IDS; 22490970;4;20.08.2026 10:22:08;1.8;µS/cm;Cond;-0.1;°C;Temp;;;C = 0.475 1/cm   Tref25   nLF;TetraCon 925-P; 16201701;
Multi 3620 IDS; 22490970;4;20.08.2026 10:22:09;1.8;µS/cm;Cond;-0.1;°C;Temp;;;C = 0.475 1/cm   Tref25   nLF;TetraCon 925-P; 16201701;
Multi 3620 IDS; 22490970;4;20.08.2026 10:22:10;1.8;µS/cm;Cond;-0.1;°C;Temp;;;C = 0.475 1/cm   Tref25   nLF;TetraCon 925-P; 16201701;
Multi 3620 IDS; 22490970;4;20.08.2026 10:22:11;1.8;µS/cm;Cond;-0.1;°C;Temp;;;C = 0.475 1/cm   Tref25   nLF;TetraCon 925-P; 16201701;
Multi 3620 IDS; 22490970;4;20.08.2026 10:22:12;1.8;µS/cm;Cond;-0.1;°C;Temp;;;C = 0.475 1/cm   Tref25   nLF;TetraCon 925-P; 16201701;
Multi 3620 IDS; 22490970;4;20.08.2026 10:22:13;1.8;µS/cm;Cond;-0.1;°C;Temp;;;C = 0.475 1/cm   Tref25   nLF;TetraCon 925-P; 16201701;
Multi 3620 IDS; 22490970;4;20.08.2026 10:22:14;1.8;µS/cm;Cond;-0.1;°C;Temp;;;C = 0.475 1/cm   Tref25   nLF;TetraCon 925-P; 16201701;
Multi 3620 IDS; 22490970;4;20.08.2026 10:22:15;1.8;µS/cm;Cond;-0.1;°C;Temp;;;C = 0.475 1/cm   Tref25   nLF;TetraCon 925-P; 16201701;
Multi 3620 IDS; 22490970;4;20.08.2026 10:22:16;1.8;µS/cm;Cond;-0.1;°C;Temp;AR;;C = 0.475 1/cm   Tref25   nLF;TetraCon 925-P; 16201701;
Multi 3620 IDS; 22490970;4;20.08.2026 10:22:17;1.8;µS/cm;Cond;-0.1;°C;Temp;AR;;C = 0.475 1/cm   Tref25   nLF;TetraCon 925-P; 16201701;
Multi 3620 IDS; 22490970;4;20.08.2026 10:22:18;1.8;µS/cm;Cond;-0.1;°C;Temp;AR;;C = 0.475 1/cm   Tref25   nLF;TetraCon 925-P; 16201701;
Multi 3620 IDS; 22490970;4;20.08.2026 10:22:19;1.8;µS/cm;Cond;-0.1;°C;Temp;AR;;C = 0.475 1/cm   Tref25   nLF;TetraCon 925-P; 16201701;
Multi 3620 IDS; 22490970;4;20.08.2026 10:22:20;1.8;µS/cm;Cond;-0.1;°C;Temp;AR;;C = 0.475 1/cm   Tref25   nLF;TetraCon 925-P; 16201701;
Multi 3620 IDS; 22490970;4;20.08.2026 10:22:21;1.8;µS/cm;Cond;-0.1;°C;Temp;AR;;C = 0.475 1/cm   Tref25   nLF;TetraCon 925-P; 16201701;
Multi 3620 IDS; 22490970;4;20.08.2026 10:22:22;1.8;µS/cm;Cond;-0.1;°C;Temp;AR;;C = 0.475 1/cm   Tref25   nLF;TetraCon 925-P; 16201701;
Multi 3620 IDS; 22490970;4;20.08.2026 10:22:23;1.8;µS/cm;Cond;-0.1;°C;Temp;AR;;C = 0.475 1/cm   Tref25   nLF;TetraCon 925-P; 16201701;
Multi 3620 IDS; 22490970;4;20.08.2026 10:22:24;1.8;µS/cm;Cond;-0.1;°C;Temp;AR;;C = 0.475 1/cm   Tref25   nLF;TetraCon 925-P; 16201701;
Multi 3620 IDS; 22490970;4;20.08.2026 10:22:25;1.8;µS/cm;Cond;-0.1;°C;Temp;AR;;C = 0.475 1/cm   Tref25   nLF;TetraCon 925-P; 16201701;
Multi 3620 IDS; 22490970;4;20.08.2026 10:22:26;1.8;µS/cm;Cond;-0.1;°C;Temp;AR;;C = 0.475 1/cm   Tref25   nLF;TetraCon 925-P; 16201701;
Multi 3620 IDS; 22490970;4;20.08.2026 10:22:27;1.8;µS/cm;Cond;-0.1;°C;Temp;AR;;C = 0.475 1/cm   Tref25   nLF;TetraCon 925-P; 16201701;
Multi 3620 IDS; 22490970;4;20.08.2026 10:22:28;1.8;µS/cm;Cond;-0.1;°C;Temp;AR;;C = 0.475 1/cm   Tref25   nLF;TetraCon 925-P; 16201701;
Multi 3620 IDS; 22490970;4;20.08.2026 10:22:29;1.8;µS/cm;Cond;-0.1;°C;Temp;AR;;C = 0.475 1/cm   Tref25   nLF;TetraCon 925-P; 16201701;
Multi 3620 IDS; 22490970;4;20.08.2026 10:22:30;1.8;µS/cm;Cond;-0.1;°C;Temp;AR;;C = 0.475 1/cm   Tref25   nLF;TetraCon 925-P; 16201701;
Multi 3620 IDS; 22490970;4;20.08.2026 10:22:31;1.8;µS/cm;Cond;-0.1;°C;Temp;AR;;C = 0.475 1/cm   Tref25   nLF;TetraCon 925-P; 16201701;
Multi 3620 IDS; 22490970;4;20.08.2026 10:22:32;1.8;µS/cm;Cond;-0.1;°C;Temp;AR;;C = 0.475 1/cm   Tref25   nLF;TetraCon 925-P; 16201701;
Multi 3620 IDS; 22490970;4;20.08.2026 10:22:33;1.8;µS/cm;Cond;-0.1;°C;Temp;AR;;C = 0.475 1/cm   Tref25   nLF;TetraCon 925-P; 16201701;
Multi 3620 IDS; 22490970;4;20.08.2026 10:22:34;1.8;µS/cm;Cond;-0.1;°C;Temp;AR;;C = 0.475 1/cm   Tref25   nLF;TetraCon 925-P; 16201701;
Multi 3620 IDS; 22490970;4;20.08.2026 10:22:35;1.8;µS/cm;Cond;-0.1;°C;Temp;AR;;C = 0.475 1/cm   Tref25   nLF;TetraCon 925-P; 16201701;
Multi 3620 IDS; 22490970;4;20.08.2026 10:22:36;1.8;µS/cm;Cond;-0.1;°C;Temp;AR;;C = 0.475 1/cm   Tref25   nLF;TetraCon 925-P; 16201701;
Multi 3620 IDS; 22490970;4;20.08.2026 10:22:37;1.8;µS/cm;Cond;-0.1;°C;Temp;AR;;C = 0.475 1/cm   Tref25   nLF;TetraCon 925-P; 16201701;
Multi 3620 IDS; 22490970;4;20.08.2026 10:22:38;1.8;µS/cm;Cond;-0.1;°C;Temp;AR;;C = 0.475 1/cm   Tref25   nLF;TetraCon 925-P; 16201701;
Multi 3620 IDS; 22490970;4;20.08.2026 10:22:39;1.8;µS/cm;Cond;-0.1;°C;Temp;AR;;C = 0.475 1/cm   Tref25   nLF;TetraCon 925-P; 16201701;
Multi 3620 IDS; 22490970;4;20.08.2026 10:22:40;1.8;µS/cm;Cond;-0.1;°C;Temp;AR;;C = 0.475 1/cm   Tref25   nLF;TetraCon 925-P; 16201701;
Multi 3620 IDS; 22490970;4;20.08.2026 10:22:41;1.8;µS/cm;Cond;-0.1;°C;Temp;AR;;C = 0.475 1/cm   Tref25   nLF;TetraCon 925-P; 16201701;
Multi 3620 IDS; 22490970;4;20.08.2026 10:22:42;1.8;µS/cm;Cond;-0.1;°C;Temp;AR;;C = 0.475 1/cm   Tref25   nLF;TetraCon 925-P; 16201701;
Multi 3620 IDS; 22490970;4;20.08.2026 10:22:43;1.8;µS/cm;Cond;-0.1;°C;Temp;AR;;C = 0.475 1/cm   Tref25   nLF;TetraCon 925-P; 16201701;
Multi 3620 IDS; 22490970;4;20.08.2026 10:22:44;1.8;µS/cm;Cond;-0.1;°C;Temp;AR;;C = 0.475 1/cm   Tref25   nLF;TetraCon 925-P; 16201701;
Multi 3620 IDS; 22490970;4;20.08.2026 10:22:45;1.8;µS/cm;Cond;-0.1;°C;Temp;AR;;C = 0.475 1/cm   Tref25   nLF;TetraCon 925-P; 16201701;
Multi 3620 IDS; 22490970;4;20.08.2026 10:22:46;1.8;µS/cm;Cond;-0.1;°C;Temp;AR;;C = 0.475 1/cm   Tref25   nLF;TetraCon 925-P; 16201701;
Multi 3620 IDS; 22490970;4;20.08.2026 10:22:47;1.8;µS/cm;Cond;-0.1;°C;Temp;AR;;C = 0.475 1/cm   Tref25   nLF;TetraCon 925-P; 16201701;
Multi 3620 IDS; 22490970;4;20.08.2026 10:22:48;1.8;µS/cm;Cond;-0.1;°C;Temp;AR;;C = 0.475 1/cm   Tref25   nLF;TetraCon 925-P; 16201701;
Multi 3620 IDS; 22490970;4;20.08.2026 10:22:49;1.8;µS/cm;Cond;-0.1;°C;Temp;AR;;C = 0.475 1/cm   Tref25   nLF;TetraCon 925-P; 16201701;
Multi 3620 IDS; 22490970;4;20.08.2026 10:22:50;1.8;µS/cm;Cond;-0.1;°C;Temp;AR;;C = 0.475 1/cm   Tref25   nLF;TetraCon 925-P; 16201701;
Multi 3620 IDS; 22490970;4;20.08.2026 10:22:51;1.8;µS/cm;Cond;-0.1;°C;Temp;AR;;C = 0.475 1/cm   Tref25   nLF;TetraCon 925-P; 16201701;
Multi 3620 IDS; 22490970;4;20.08.2026 10:22:52;1.8;µS/cm;Cond;-0.1;°C;Temp;AR;;C = 0.475 1/cm   Tref25   nLF;TetraCon 925-P; 16201701;
Multi 3620 IDS; 22490970;4;20.08.2026 10:22:53;1.8;µS/cm;Cond;-0.1;°C;Temp;AR;;C = 0.475 1/cm   Tref25   nLF;TetraCon 925-P; 16201701;
Multi 3620 IDS; 22490970;4;20.08.2026 10:22:54;1.8;µS/cm;Cond;-0.1;°C;Temp;AR;;C = 0.475 1/cm   Tref25   nLF;TetraCon 925-P; 16201701;
Multi 3620 IDS; 22490970;4;20.08.2026 10:22:55;1.8;µS/cm;Cond;-0.1;°C;Temp;AR;;C = 0.475 1/cm   Tref25   nLF;TetraCon 925-P; 16201701;
Multi 3620 IDS; 22490970;4;20.08.2026 10:22:56;1.8;µS/cm;Cond;-0.1;°C;Temp;AR;;C = 0.475 1/cm   Tref25   nLF;TetraCon 925-P; 16201701;
Multi 3620 IDS; 22490970;4;20.08.2026 10:22:57;1.8;µS/cm;Cond;-0.1;°C;Temp;AR;;C = 0.475 1/cm   Tref25   nLF;TetraCon 925-P; 16201701;
Multi 3620 IDS; 22490970;4;20.08.2026 10:22:58;1.8;µS/cm;Cond;-0.1;°C;Temp;AR;;C = 0.475 1/cm   Tref25   nLF;TetraCon 925-P; 16201701;
Multi 3620 IDS; 22490970;4;20.08.2026 10:22:59;1.8;µS/cm;Cond;-0.1;°C;Temp;AR;;C = 0.475 1/cm   Tref25   nLF;TetraCon 925-P; 16201701;
Multi 3620 IDS; 22490970;4;20.08.2026 10:23:00;1.8;µS/cm;Cond;-0.1;°C;Temp;AR;;C = 0.475 1/cm   Tref25   nLF;TetraCon 925-P; 16201701;
Multi 3620 IDS; 22490970;4;20.08.2026 10:23:01;1.8;µS/cm;Cond;-0.1;°C;Temp;AR;;C = 0.475 1/cm   Tref25   nLF;TetraCon 925-P; 16201701;
Multi 3620 IDS; 22490970;4;20.08.2026 10:23:02;1.8;µS/cm;Cond;-0.1;°C;Temp;AR;;C = 0.475 1/cm   Tref25   nLF;TetraCon 925-P; 16201701;
Multi 3620 IDS; 22490970;4;20.08.2026 10:23:03;1.8;µS/cm;Cond;-0.1;°C;Temp;AR;;C = 0.475 1/cm   Tref25   nLF;TetraCon 925-P; 16201701;
Multi 3620 IDS; 22490970;4;20.08.2026 10:23:04;1.8;µS/cm;Cond;-0.1;°C;Temp;AR;;C = 0.475 1/cm   Tref25   nLF;TetraCon 925-P; 16201701;
Multi 3620 IDS; 22490970;4;20.08.2026 10:23:05;1.8;µS/cm;Cond;-0.1;°C;Temp;AR;;C = 0.475 1/cm   Tref25   nLF;TetraCon 925-P; 16201701;
Multi 3620 IDS; 22490970;4;20.08.2026 10:23:06;1.8;µS/cm;Cond;-0.1;°C;Temp;AR;;C = 0.475 1/cm   Tref25   nLF;TetraCon 925-P; 16201701;
Multi 3620 IDS; 22490970;4;20.08.2026 10:23:07;1.8;µS/cm;Cond;-0.1;°C;Temp;AR;;C = 0.475 1/cm   Tref25   nLF;TetraCon 925-P; 16201701;
Multi 3620 IDS; 22490970;4;20.08.2026 10:23:08;1.8;µS/cm;Cond;-0.1;°C;Temp;AR;;C = 0.475 1/cm   Tref25   nLF;TetraCon 925-P; 16201701;
Multi 3620 IDS; 22490970;4;20.08.2026 10:23:09;1.8;µS/cm;Cond;-0.1;°C;Temp;AR;;C = 0.475 1/cm   Tref25   nLF;TetraCon 925-P; 16201701;
Multi 3620 IDS; 22490970;4;20.08.2026 10:23:10;1.8;µS/cm;Cond;-0.1;°C;Temp;AR;;C = 0.475 1/cm   Tref25   nLF;TetraCon 925-P; 16201701;
Multi 3620 IDS; 22490970;4;20.08.2026 10:23:11;1.8;µS/cm;Cond;-0.1;°C;Temp;AR;;C = 0.475 1/cm   Tref25   nLF;TetraCon 925-P; 16201701;
Multi 3620 IDS; 22490970;4;20.08.2026 10:23:12;1.8;µS/cm;Cond;-0.1;°C;Temp;AR;;C = 0.475 1/cm   Tref25   nLF;TetraCon 925-P; 16201701;
Multi 3620 IDS; 22490970;4;20.08.2026 10:23:13;1.8;µS/cm;Cond;-0.1;°C;Temp;AR;;C = 0.475 1/cm   Tref25   nLF;TetraCon 925-P; 16201701;
Multi 3620 IDS; 22490970;4;20.08.2026 10:23:14;1.8;µS/cm;Cond;-0.1;°C;Temp;AR;;C = 0.475 1/cm   Tref25   nLF;TetraCon 925-P; 16201701;
Multi 3620 IDS; 22490970;4;20.08.2026 10:23:15;1.8;µS/cm;Cond;-0.1;°C;Temp;AR;;C = 0.475 1/cm   Tref25   nLF;TetraCon 925-P; 16201701;
Multi 3620 IDS; 22490970;4;20.08.2026 10:23:16;1.9;µS/cm;Cond;-0.1;°C;Temp;AR;;C = 0.475 1/cm   Tref25   nLF;TetraCon 925-P; 16201701;
Multi 3620 IDS; 22490970;4;20.08.2026 10:23:17;1.9;µS/cm;Cond;-0.1;°C;Temp;AR;;C = 0.475 1/cm   Tref25   nLF;TetraCon 925-P; 16201701;
Multi 3620 IDS; 22490970;4;20.08.2026 10:23:18;1.9;µS/cm;Cond;-0.1;°C;Temp;;;C = 0.475 1/cm   Tref25   nLF;TetraCon 925-P; 16201701;
Multi 3620 IDS; 22490970;4;20.08.2026 10:23:19;2.0;µS/cm;Cond;-0.1;°C;Temp;;;C = 0.475 1/cm   Tref25   nLF;TetraCon 925-P; 16201701;
Multi 3620 IDS; 22490970;4;20.08.2026 10:23:20;2.1;µS/cm;Cond;-0.1;°C;Temp;;;C = 0.475 1/cm   Tref25   nLF;TetraCon 925-P; 16201701;
Multi 3620 IDS; 22490970;4;20.08.2026 10:23:21;2.2;µS/cm;Cond;-0.1;°C;Temp;;;C = 0.475 1/cm   Tref25   nLF;TetraCon 925-P; 16201701;
Multi 3620 IDS; 22490970;4;20.08.2026 10:23:22;2.4;µS/cm;Cond;-0.1;°C;Temp;;;C = 0.475 1/cm   Tref25   nLF;TetraCon 925-P; 16201701;
Multi 3620 IDS; 22490970;4;20.08.2026 10:23:23;2.7;µS/cm;Cond;-0.1;°C;Temp;;;C = 0.475 1/cm   Tref25   nLF;TetraCon 925-P; 16201701;
Multi 3620 IDS; 22490970;4;20.08.2026 10:23:24;2.9;µS/cm;Cond;-0.1;°C;Temp;;;C = 0.475 1/cm   Tref25   nLF;TetraCon 925-P; 16201701;
Multi 3620 IDS; 22490970;4;20.08.2026 10:23:25;3.0;µS/cm;Cond;-0.1;°C;Temp;;;C = 0.475 1/cm   Tref25   nLF;TetraCon 925-P; 16201701;
Multi 3620 IDS; 22490970;4;20.08.2026 10:23:26;3.2;µS/cm;Cond;-0.1;°C;Temp;;;C = 0.475 1/cm   Tref25   nLF;TetraCon 925-P; 16201701;
Multi 3620 IDS; 22490970;4;20.08.2026 10:23:27;4.0;µS/cm;Cond;-0.1;°C;Temp;;;C = 0.475 1/cm   Tref25   nLF;TetraCon 925-P; 16201701;
Multi 3620 IDS; 22490970;4;20.08.2026 10:23:28;5.0;µS/cm;Cond;-0.1;°C;Temp;;;C = 0.475 1/cm   Tref25   nLF;TetraCon 925-P; 16201701;
Multi 3620 IDS; 22490970;4;20.08.2026 10:23:29;5.3;µS/cm;Cond;-0.1;°C;Temp;;;C = 0.475 1/cm   Tref25   nLF;TetraCon 925-P; 16201701;
Multi 3620 IDS; 22490970;4;20.08.2026 10:23:30;5.7;µS/cm;Cond;-0.1;°C;Temp;;;C = 0.475 1/cm   Tref25   nLF;TetraCon 925-P; 16201701;
Multi 3620 IDS; 22490970;4;20.08.2026 10:23:31;6.8;µS/cm;Cond;-0.1;°C;Temp;;;C = 0.475 1/cm   Tref25   nLF;TetraCon 925-P; 16201701;
Multi 3620 IDS; 22490970;4;20.08.2026 10:23:32;7.7;µS/cm;Cond;-0.1;°C;Temp;;;C = 0.475 1/cm   Tref25   nLF;TetraCon 925-P; 16201701;
Multi 3620 IDS; 22490970;4;20.08.2026 10:23:33;9.4;µS/cm;Cond;-0.1;°C;Temp;;;C = 0.475 1/cm   Tref25   nLF;TetraCon 925-P; 16201701;
Multi 3620 IDS; 22490970;4;20.08.2026 10:23:34;12.4;µS/cm;Cond;-0.1;°C;Temp;;;C = 0.475 1/cm   Tref25   nLF;TetraCon 925-P; 16201701;
Multi 3620 IDS; 22490970;4;20.08.2026 10:23:35;14.5;µS/cm;Cond;-0.1;°C;Temp;;;C = 0.475 1/cm   Tref25   nLF;TetraCon 925-P; 16201701;
Multi 3620 IDS; 22490970;4;20.08.2026 10:23:36;16.0;µS/cm;Cond;-0.1;°C;Temp;;;C = 0.475 1/cm   Tref25   nLF;TetraCon 925-P; 16201701;
Multi 3620 IDS; 22490970;4;20.08.2026 10:23:37;18.0;µS/cm;Cond;-0.1;°C;Temp;;;C = 0.475 1/cm   Tref25   nLF;TetraCon 925-P; 16201701;
Multi 3620 IDS; 22490970;4;20.08.2026 10:23:38;19.6;µS/cm;Cond;-0.1;°C;Temp;;;C = 0.475 1/cm   Tref25   nLF;TetraCon 925-P; 16201701;
Multi 3620 IDS; 22490970;4;20.08.2026 10:23:39;21.3;µS/cm;Cond;-0.1;°C;Temp;;;C = 0.475 1/cm   Tref25   nLF;TetraCon 925-P; 16201701;
Multi 3620 IDS; 22490970;4;20.08.2026 10:23:40;21.7;µS/cm;Cond;-0.1;°C;Temp;;;C = 0.475 1/cm   Tref25   nLF;TetraCon 925-P; 16201701;
Multi 3620 IDS; 22490970;4;20.08.2026 10:23:41;21.8;µS/cm;Cond;-0.1;°C;Temp;;;C = 0.475 1/cm   Tref25   nLF;TetraCon 925-P; 16201701;
Multi 3620 IDS; 22490970;4;20.08.2026 10:23:42;22.4;µS/cm;Cond;-0.1;°C;Temp;;;C = 0.475 1/cm   Tref25   nLF;TetraCon 925-P; 16201701;
Multi 3620 IDS; 22490970;4;20.08.2026 10:23:43;36.7;µS/cm;Cond;-0.1;°C;Temp;;;C = 0.475 1/cm   Tref25   nLF;TetraCon 925-P; 16201701;
Multi 3620 IDS; 22490970;4;20.08.2026 10:23:44;40.3;µS/cm;Cond;-0.1;°C;Temp;;;C = 0.475 1/cm   Tref25   nLF;TetraCon 925-P; 16201701;
Multi 3620 IDS; 22490970;4;20.08.2026 10:23:45;42.5;µS/cm;Cond;-0.1;°C;Temp;;;C = 0.475 1/cm   Tref25   nLF;TetraCon 925-P; 16201701;
Multi 3620 IDS; 22490970;4;20.08.2026 10:23:46;33.4;µS/cm;Cond;-0.1;°C;Temp;;;C = 0.475 1/cm   Tref25   nLF;TetraCon 925-P; 16201701;
Multi 3620 IDS; 22490970;4;20.08.2026 10:23:47;34.7;µS/cm;Cond;-0.1;°C;Temp;;;C = 0.475 1/cm   Tref25   nLF;TetraCon 925-P; 16201701;
Multi 3620 IDS; 22490970;4;20.08.2026 10:23:48;35.4;µS/cm;Cond;-0.1;°C;Temp;;;C = 0.475 1/cm   Tref25   nLF;TetraCon 925-P; 16201701;
Multi 3620 IDS; 22490970;4;20.08.2026 10:23:49;35.7;µS/cm;Cond;-0.1;°C;Temp;;;C = 0.475 1/cm   Tref25   nLF;TetraCon 925-P; 16201701;
Multi 3620 IDS; 22490970;4;20.08.2026 10:23:50;37.0;µS/cm;Cond;-0.1;°C;Temp;;;C = 0.475 1/cm   Tref25   nLF;TetraCon 925-P; 16201701;
Multi 3620 IDS; 22490970;4;20.08.2026 10:23:51;37.9;µS/cm;Cond;-0.1;°C;Temp;;;C = 0.475 1/cm   Tref25   nLF;TetraCon 925-P; 16201701;
Multi 3620 IDS; 22490970;4;20.08.2026 10:23:52;40.2;µS/cm;Cond;-0.1;°C;Temp;;;C = 0.475 1/cm   Tref25   nLF;TetraCon 925-P; 16201701;
Multi 3620 IDS; 22490970;4;20.08.2026 10:23:53;42.5;µS/cm;Cond;-0.1;°C;Temp;;;C = 0.475 1/cm   Tref25   nLF;TetraCon 925-P; 16201701;
Multi 3620 IDS; 22490970;4;20.08.2026 10:23:54;43.3;µS/cm;Cond;-0.1;°C;Temp;;;C = 0.475 1/cm   Tref25   nLF;TetraCon 925-P; 16201701;
Multi 3620 IDS; 22490970;4;20.08.2026 10:23:55;43.7;µS/cm;Cond;-0.1;°C;Temp;;;C = 0.475 1/cm   Tref25   nLF;TetraCon 925-P; 16201701;
Multi 3620 IDS; 22490970;4;20.08.2026 10:23:56;43.7;µS/cm;Cond;-0.1;°C;Temp;;;C = 0.475 1/cm   Tref25   nLF;TetraCon 925-P; 16201701;
Multi 3620 IDS; 22490970;4;20.08.2026 10:23:57;44.0;µS/cm;Cond;-0.1;°C;Temp;;;C = 0.475 1/cm   Tref25   nLF;TetraCon 925-P; 16201701;
Multi 3620 IDS; 22490970;4;20.08.2026 10:23:58;44.3;µS/cm;Cond;-0.1;°C;Temp;;;C = 0.475 1/cm   Tref25   nLF;TetraCon 925-P; 16201701;
Multi 3620 IDS; 22490970;4;20.08.2026 10:23:59;44.3;µS/cm;Cond;-0.1;°C;Temp;;;C = 0.475 1/cm   Tref25   nLF;TetraCon 925-P; 16201701;
Multi 3620 IDS; 22490970;4;20.08.2026 10:24:00;44.2;µS/cm;Cond;-0.1;°C;Temp;;;C = 0.475 1/cm   Tref25   nLF;TetraCon 925-P; 16201701;
Multi 3620 IDS; 22490970;4;20.08.2026 10:24:01;44.1;µS/cm;Cond;-0.1;°C;Temp;;;C = 0.475 1/cm   Tref25   nLF;TetraCon 925-P; 16201701;
Multi 3620 IDS; 22490970;4;20.08.2026 10:24:02;44.2;µS/cm;Cond;-0.1;°C;Temp;;;C = 0.475 1/cm   Tref25   nLF;TetraCon 925-P; 16201701;
Multi 3620 IDS; 22490970;4;20.08.2026 10:24:03;44.3;µS/cm;Cond;-0.1;°C;Temp;AR;;C = 0.475 1/cm   Tref25   nLF;TetraCon 925-P; 16201701;
Multi 3620 IDS; 22490970;4;20.08.2026 10:24:04;43.7;µS/cm;Cond;-0.1;°C;Temp;;;C = 0.475 1/cm   Tref25   nLF;TetraCon 925-P; 16201701;
Multi 3620 IDS; 22490970;4;20.08.2026 10:24:05;41.8;µS/cm;Cond;-0.1;°C;Temp;;;C = 0.475 1/cm   Tref25   nLF;TetraCon 925-P; 16201701;
Multi 3620 IDS; 22490970;4;20.08.2026 10:24:06;40.9;µS/cm;Cond;-0.1;°C;Temp;;;C = 0.475 1/cm   Tref25   nLF;TetraCon 925-P; 16201701;
Multi 3620 IDS; 22490970;4;20.08.2026 10:24:07;40.3;µS/cm;Cond;-0.1;°C;Temp;;;C = 0.475 1/cm   Tref25   nLF;TetraCon 925-P; 16201701;
Multi 3620 IDS; 22490970;4;20.08.2026 10:24:08;40.5;µS/cm;Cond;-0.1;°C;Temp;;;C = 0.475 1/cm   Tref25   nLF;TetraCon 925-P; 16201701;
Multi 3620 IDS; 22490970;4;20.08.2026 10:24:09;40.4;µS/cm;Cond;-0.1;°C;Temp;;;C = 0.475 1/cm   Tref25   nLF;TetraCon 925-P; 16201701;
Multi 3620 IDS; 22490970;4;20.08.2026 10:24:10;39.4;µS/cm;Cond;-0.1;°C;Temp;;;C = 0.475 1/cm   Tref25   nLF;TetraCon 925-P; 16201701;
Multi 3620 IDS; 22490970;4;20.08.2026 10:24:11;38.2;µS/cm;Cond;-0.1;°C;Temp;;;C = 0.475 1/cm   Tref25   nLF;TetraCon 925-P; 16201701;
Multi 3620 IDS; 22490970;4;20.08.2026 10:24:12;37.1;µS/cm;Cond;-0.1;°C;Temp;;;C = 0.475 1/cm   Tref25   nLF;TetraCon 925-P; 16201701;
Multi 3620 IDS; 22490970;4;20.08.2026 10:24:13;35.8;µS/cm;Cond;-0.1;°C;Temp;;;C = 0.475 1/cm   Tref25   nLF;TetraCon 925-P; 16201701;
Multi 3620 IDS; 22490970;4;20.08.2026 10:24:14;34.5;µS/cm;Cond;-0.1;°C;Temp;;;C = 0.475 1/cm   Tref25   nLF;TetraCon 925-P; 16201701;
Multi 3620 IDS; 22490970;4;20.08.2026 10:24:15;33.4;µS/cm;Cond;-0.1;°C;Temp;;;C = 0.475 1/cm   Tref25   nLF;TetraCon 925-P; 16201701;
Multi 3620 IDS; 22490970;4;20.08.2026 10:24:16;32.2;µS/cm;Cond;-0.1;°C;Temp;;;C = 0.475 1/cm   Tref25   nLF;TetraCon 925-P; 16201701;
Multi 3620 IDS; 22490970;4;20.08.2026 10:24:17;31.5;µS/cm;Cond;-0.1;°C;Temp;;;C = 0.475 1/cm   Tref25   nLF;TetraCon 925-P; 16201701;
Multi 3620 IDS; 22490970;4;20.08.2026 10:24:18;30.9;µS/cm;Cond;-0.1;°C;Temp;;;C = 0.475 1/cm   Tref25   nLF;TetraCon 925-P; 16201701;
Multi 3620 IDS; 22490970;4;20.08.2026 10:24:19;29.8;µS/cm;Cond;-0.1;°C;Temp;;;C = 0.475 1/cm   Tref25   nLF;TetraCon 925-P; 16201701;
Multi 3620 IDS; 22490970;4;20.08.2026 10:24:20;28.5;µS/cm;Cond;-0.1;°C;Temp;;;C = 0.475 1/cm   Tref25   nLF;TetraCon 925-P; 16201701;
Multi 3620 IDS; 22490970;4;20.08.2026 10:24:21;27.4;µS/cm;Cond;-0.1;°C;Temp;;;C = 0.475 1/cm   Tref25   nLF;TetraCon 925-P; 16201701;
Multi 3620 IDS; 22490970;4;20.08.2026 10:24:22;25.8;µS/cm;Cond;-0.1;°C;Temp;;;C = 0.475 1/cm   Tref25   nLF;TetraCon 925-P; 16201701;
Multi 3620 IDS; 22490970;4;20.08.2026 10:24:23;25.5;µS/cm;Cond;-0.1;°C;Temp;;;C = 0.475 1/cm   Tref25   nLF;TetraCon 925-P; 16201701;
Multi 3620 IDS; 22490970;4;20.08.2026 10:24:24;25.4;µS/cm;Cond;-0.1;°C;Temp;;;C = 0.475 1/cm   Tref25   nLF;TetraCon 925-P; 16201701;
Multi 3620 IDS; 22490970;4;20.08.2026 10:24:25;24.5;µS/cm;Cond;-0.1;°C;Temp;;;C = 0.475 1/cm   Tref25   nLF;TetraCon 925-P; 16201701;
Multi 3620 IDS; 22490970;4;20.08.2026 10:24:26;22.8;µS/cm;Cond;-0.1;°C;Temp;;;C = 0.475 1/cm   Tref25   nLF;TetraCon 925-P; 16201701;
Multi 3620 IDS; 22490970;4;20.08.2026 10:24:27;21.9;µS/cm;Cond;-0.1;°C;Temp;;;C = 0.475 1/cm   Tref25   nLF;TetraCon 925-P; 16201701;
Multi 3620 IDS; 22490970;4;20.08.2026 10:24:28;21.5;µS/cm;Cond;-0.1;°C;Temp;;;C = 0.475 1/cm   Tref25   nLF;TetraCon 925-P; 16201701;
Multi 3620 IDS; 22490970;4;20.08.2026 10:24:29;21.0;µS/cm;Cond;-0.1;°C;Temp;;;C = 0.475 1/cm   Tref25   nLF;TetraCon 925-P; 16201701;
Multi 3620 IDS; 22490970;4;20.08.2026 10:24:30;19.9;µS/cm;Cond;-0.1;°C;Temp;;;C = 0.475 1/cm   Tref25   nLF;TetraCon 925-P; 16201701;
Multi 3620 IDS; 22490970;4;20.08.2026 10:24:31;18.1;µS/cm;Cond;-0.1;°C;Temp;;;C = 0.475 1/cm   Tref25   nLF;TetraCon 925-P; 16201701;
Multi 3620 IDS; 22490970;4;20.08.2026 10:24:32;17.5;µS/cm;Cond;-0.1;°C;Temp;;;C = 0.475 1/cm   Tref25   nLF;TetraCon 925-P; 16201701;
Multi 3620 IDS; 22490970;4;20.08.2026 10:24:33;17.4;µS/cm;Cond;-0.1;°C;Temp;;;C = 0.475 1/cm   Tref25   nLF;TetraCon 925-P; 16201701;
Multi 3620 IDS; 22490970;4;20.08.2026 10:24:34;16.4;µS/cm;Cond;-0.1;°C;Temp;;;C = 0.475 1/cm   Tref25   nLF;TetraCon 925-P; 16201701;
Multi 3620 IDS; 22490970;4;20.08.2026 10:24:35;15.0;µS/cm;Cond;-0.1;°C;Temp;;;C = 0.475 1/cm   Tref25   nLF;TetraCon 925-P; 16201701;
Multi 3620 IDS; 22490970;4;20.08.2026 10:24:36;14.7;µS/cm;Cond;-0.1;°C;Temp;;;C = 0.475 1/cm   Tref25   nLF;TetraCon 925-P; 16201701;
Multi 3620 IDS; 22490970;4;20.08.2026 10:24:37;14.3;µS/cm;Cond;-0.1;°C;Temp;;;C = 0.475 1/cm   Tref25   nLF;TetraCon 925-P; 16201701;
Multi 3620 IDS; 22490970;4;20.08.2026 10:24:38;14.2;µS/cm;Cond;-0.1;°C;Temp;;;C = 0.475 1/cm   Tref25   nLF;TetraCon 925-P; 16201701;
Multi 3620 IDS; 22490970;4;20.08.2026 10:24:39;14.0;µS/cm;Cond;-0.1;°C;Temp;;;C = 0.475 1/cm   Tref25   nLF;TetraCon 925-P; 16201701;
Multi 3620 IDS; 22490970;4;20.08.2026 10:24:40;13.7;µS/cm;Cond;-0.1;°C;Temp;;;C = 0.475 1/cm   Tref25   nLF;TetraCon 925-P; 16201701;
Multi 3620 IDS; 22490970;4;20.08.2026 10:24:41;13.7;µS/cm;Cond;-0.1;°C;Temp;;;C = 0.475 1/cm   Tref25   nLF;TetraCon 925-P; 16201701;
Multi 3620 IDS; 22490970;4;20.08.2026 10:24:42;12.1;µS/cm;Cond;-0.1;°C;Temp;;;C = 0.475 1/cm   Tref25   nLF;TetraCon 925-P; 16201701;
Multi 3620 IDS; 22490970;4;20.08.2026 10:24:43;11.0;µS/cm;Cond;-0.1;°C;Temp;;;C = 0.475 1/cm   Tref25   nLF;TetraCon 925-P; 16201701;
Multi 3620 IDS; 22490970;4;20.08.2026 10:24:44;11.0;µS/cm;Cond;-0.1;°C;Temp;;;C = 0.475 1/cm   Tref25   nLF;TetraCon 925-P; 16201701;
Multi 3620 IDS; 22490970;4;20.08.2026 10:24:45;10.9;µS/cm;Cond;-0.1;°C;Temp;;;C = 0.475 1/cm   Tref25   nLF;TetraCon 925-P; 16201701;
Multi 3620 IDS; 22490970;4;20.08.2026 10:24:46;10.6;µS/cm;Cond;-0.1;°C;Temp;;;C = 0.475 1/cm   Tref25   nLF;TetraCon 925-P; 16201701;
Multi 3620 IDS; 22490970;4;20.08.2026 10:24:47;10.0;µS/cm;Cond;-0.1;°C;Temp;;;C = 0.475 1/cm   Tref25   nLF;TetraCon 925-P; 16201701;
Multi 3620 IDS; 22490970;4;20.08.2026 10:24:48;9.8;µS/cm;Cond;-0.1;°C;Temp;;;C = 0.475 1/cm   Tref25   nLF;TetraCon 925-P; 16201701;
Multi 3620 IDS; 22490970;4;20.08.2026 10:24:49;9.7;µS/cm;Cond;-0.1;°C;Temp;;;C = 0.475 1/cm   Tref25   nLF;TetraCon 925-P; 16201701;
Multi 3620 IDS; 22490970;4;20.08.2026 10:24:50;9.3;µS/cm;Cond;-0.1;°C;Temp;;;C = 0.475 1/cm   Tref25   nLF;TetraCon 925-P; 16201701;
Multi 3620 IDS; 22490970;4;20.08.2026 10:24:51;8.9;µS/cm;Cond;-0.1;°C;Temp;;;C = 0.475 1/cm   Tref25   nLF;TetraCon 925-P; 16201701;
Multi 3620 IDS; 22490970;4;20.08.2026 10:24:52;8.6;µS/cm;Cond;-0.1;°C;Temp;;;C = 0.475 1/cm   Tref25   nLF;TetraCon 925-P; 16201701;
Multi 3620 IDS; 22490970;4;20.08.2026 10:24:53;8.1;µS/cm;Cond;-0.1;°C;Temp;;;C = 0.475 1/cm   Tref25   nLF;TetraCon 925-P; 16201701;
Multi 3620 IDS; 22490970;4;20.08.2026 10:24:54;7.7;µS/cm;Cond;-0.1;°C;Temp;;;C = 0.475 1/cm   Tref25   nLF;TetraCon 925-P; 16201701;
Multi 3620 IDS; 22490970;4;20.08.2026 10:24:55;7.4;µS/cm;Cond;-0.1;°C;Temp;;;C = 0.475 1/cm   Tref25   nLF;TetraCon 925-P; 16201701;
Multi 3620 IDS; 22490970;4;20.08.2026 10:24:56;7.1;µS/cm;Cond;-0.1;°C;Temp;;;C = 0.475 1/cm   Tref25   nLF;TetraCon 925-P; 16201701;
Multi 3620 IDS; 22490970;4;20.08.2026 10:24:57;7.1;µS/cm;Cond;-0.1;°C;Temp;;;C = 0.475 1/cm   Tref25   nLF;TetraCon 925-P; 16201701;
Multi 3620 IDS; 22490970;4;20.08.2026 10:24:58;7.0;µS/cm;Cond;-0.1;°C;Temp;;;C = 0.475 1/cm   Tref25   nLF;TetraCon 925-P; 16201701;
Multi 3620 IDS; 22490970;4;20.08.2026 10:24:59;6.6;µS/cm;Cond;-0.1;°C;Temp;;;C = 0.475 1/cm   Tref25   nLF;TetraCon 925-P; 16201701;
Multi 3620 IDS; 22490970;4;20.08.2026 10:25:00;6.4;µS/cm;Cond;-0.1;°C;Temp;;;C = 0.475 1/cm   Tref25   nLF;TetraCon 925-P; 16201701;
Multi 3620 IDS; 22490970;4;20.08.2026 10:25:01;6.2;µS/cm;Cond;-0.1;°C;Temp;;;C = 0.475 1/cm   Tref25   nLF;TetraCon 925-P; 16201701;
Multi 3620 IDS; 22490970;4;20.08.2026 10:25:02;6.0;µS/cm;Cond;-0.1;°C;Temp;;;C = 0.475 1/cm   Tref25   nLF;TetraCon 925-P; 16201701;
Multi 3620 IDS; 22490970;4;20.08.2026 10:25:03;5.7;µS/cm;Cond;-0.1;°C;Temp;;;C = 0.475 1/cm   Tref25   nLF;TetraCon 925-P; 16201701;
Multi 3620 IDS; 22490970;4;20.08.2026 10:25:04;5.6;µS/cm;Cond;-0.1;°C;Temp;;;C = 0.475 1/cm   Tref25   nLF;TetraCon 925-P; 16201701;
Multi 3620 IDS; 22490970;4;20.08.2026 10:25:05;5.5;µS/cm;Cond;-0.1;°C;Temp;;;C = 0.475 1/cm   Tref25   nLF;TetraCon 925-P; 16201701;
Multi 3620 IDS; 22490970;4;20.08.2026 10:25:06;5.2;µS/cm;Cond;-0.1;°C;Temp;;;C = 0.475 1/cm   Tref25   nLF;TetraCon 925-P; 16201701;
Multi 3620 IDS; 22490970;4;20.08.2026 10:25:07;5.1;µS/cm;Cond;-0.1;°C;Temp;;;C = 0.475 1/cm   Tref25   nLF;TetraCon 925-P; 16201701;
Multi 3620 IDS; 22490970;4;20.08.2026 10:25:08;4.9;µS/cm;Cond;-0.1;°C;Temp;;;C = 0.475 1/cm   Tref25   nLF;TetraCon 925-P; 16201701;
Multi 3620 IDS; 22490970;4;20.08.2026 10:25:09;4.9;µS/cm;Cond;-0.1;°C;Temp;;;C = 0.475 1/cm   Tref25   nLF;TetraCon 925-P; 16201701;
Multi 3620 IDS; 22490970;4;20.08.2026 10:25:10;4.8;µS/cm;Cond;-0.1;°C;Temp;;;C = 0.475 1/cm   Tref25   nLF;TetraCon 925-P; 16201701;
Multi 3620 IDS; 22490970;4;20.08.2026 10:25:11;4.7;µS/cm;Cond;-0.1;°C;Temp;;;C = 0.475 1/cm   Tref25   nLF;TetraCon 925-P; 16201701;
Multi 3620 IDS; 22490970;4;20.08.2026 10:25:12;4.6;µS/cm;Cond;-0.1;°C;Temp;;;C = 0.475 1/cm   Tref25   nLF;TetraCon 925-P; 16201701;
Multi 3620 IDS; 22490970;4;20.08.2026 10:25:13;4.5;µS/cm;Cond;-0.1;°C;Temp;;;C = 0.475 1/cm   Tref25   nLF;TetraCon 925-P; 16201701;
Multi 3620 IDS; 22490970;4;20.08.2026 10:25:14;4.5;µS/cm;Cond;-0.1;°C;Temp;;;C = 0.475 1/cm   Tref25   nLF;TetraCon 925-P; 16201701;
Multi 3620 IDS; 22490970;4;20.08.2026 10:25:15;4.3;µS/cm;Cond;-0.1;°C;Temp;;;C = 0.475 1/cm   Tref25   nLF;TetraCon 925-P; 16201701;
Multi 3620 IDS; 22490970;4;20.08.2026 10:25:16;4.2;µS/cm;Cond;-0.1;°C;Temp;;;C = 0.475 1/cm   Tref25   nLF;TetraCon 925-P; 16201701;
Multi 3620 IDS; 22490970;4;20.08.2026 10:25:17;4.0;µS/cm;Cond;-0.1;°C;Temp;;;C = 0.475 1/cm   Tref25   nLF;TetraCon 925-P; 16201701;
Multi 3620 IDS; 22490970;4;20.08.2026 10:25:18;4.0;µS/cm;Cond;-0.1;°C;Temp;;;C = 0.475 1/cm   Tref25   nLF;TetraCon 925-P; 16201701;
Multi 3620 IDS; 22490970;4;20.08.2026 10:25:19;4.0;µS/cm;Cond;-0.1;°C;Temp;;;C = 0.475 1/cm   Tref25   nLF;TetraCon 925-P; 16201701;
Multi 3620 IDS; 22490970;4;20.08.2026 10:25:20;3.9;µS/cm;Cond;-0.1;°C;Temp;;;C = 0.475 1/cm   Tref25   nLF;TetraCon 925-P; 16201701;
Multi 3620 IDS; 22490970;4;20.08.2026 10:25:21;3.9;µS/cm;Cond;-0.1;°C;Temp;;;C = 0.475 1/cm   Tref25   nLF;TetraCon 925-P; 16201701;
Multi 3620 IDS; 22490970;4;20.08.2026 10:25:22;3.8;µS/cm;Cond;-0.1;°C;Temp;;;C = 0.475 1/cm   Tref25   nLF;TetraCon 925-P; 16201701;
Multi 3620 IDS; 22490970;4;20.08.2026 10:25:23;3.7;µS/cm;Cond;-0.1;°C;Temp;;;C = 0.475 1/cm   Tref25   nLF;TetraCon 925-P; 16201701;
Multi 3620 IDS; 22490970;4;20.08.2026 10:25:24;3.6;µS/cm;Cond;-0.1;°C;Temp;;;C = 0.475 1/cm   Tref25   nLF;TetraCon 925-P; 16201701;
Multi 3620 IDS; 22490970;4;20.08.2026 10:25:25;3.5;µS/cm;Cond;-0.1;°C;Temp;;;C = 0.475 1/cm   Tref25   nLF;TetraCon 925-P; 16201701;
Multi 3620 IDS; 22490970;4;20.08.2026 10:25:26;3.4;µS/cm;Cond;-0.1;°C;Temp;;;C = 0.475 1/cm   Tref25   nLF;TetraCon 925-P; 16201701;
Multi 3620 IDS; 22490970;4;20.08.2026 10:25:27;3.4;µS/cm;Cond;-0.1;°C;Temp;;;C = 0.475 1/cm   Tref25   nLF;TetraCon 925-P; 16201701;
Multi 3620 IDS; 22490970;4;20.08.2026 10:25:28;3.4;µS/cm;Cond;-0.1;°C;Temp;;;C = 0.475 1/cm   Tref25   nLF;TetraCon 925-P; 16201701;
Multi 3620 IDS; 22490970;4;20.08.2026 10:25:29;3.3;µS/cm;Cond;-0.1;°C;Temp;;;C = 0.475 1/cm   Tref25   nLF;TetraCon 925-P; 16201701;
Multi 3620 IDS; 22490970;4;20.08.2026 10:25:30;3.2;µS/cm;Cond;-0.1;°C;Temp;;;C = 0.475 1/cm   Tref25   nLF;TetraCon 925-P; 16201701;
Multi 3620 IDS; 22490970;4;20.08.2026 10:25:31;3.1;µS/cm;Cond;-0.1;°C;Temp;;;C = 0.475 1/cm   Tref25   nLF;TetraCon 925-P; 16201701;
Multi 3620 IDS; 22490970;4;20.08.2026 10:25:32;3.1;µS/cm;Cond;-0.1;°C;Temp;;;C = 0.475 1/cm   Tref25   nLF;TetraCon 925-P; 16201701;
Multi 3620 IDS; 22490970;4;20.08.2026 10:25:33;3.1;µS/cm;Cond;-0.1;°C;Temp;;;C = 0.475 1/cm   Tref25   nLF;TetraCon 925-P; 16201701;
Multi 3620 IDS; 22490970;4;20.08.2026 10:25:34;3.1;µS/cm;Cond;-0.1;°C;Temp;;;C = 0.475 1/cm   Tref25   nLF;TetraCon 925-P; 16201701;
Multi 3620 IDS; 22490970;4;20.08.2026 10:25:35;3.0;µS/cm;Cond;-0.1;°C;Temp;;;C = 0.475 1/cm   Tref25   nLF;TetraCon 925-P; 16201701;
Multi 3620 IDS; 22490970;4;20.08.2026 10:25:36;2.9;µS/cm;Cond;-0.1;°C;Temp;;;C = 0.475 1/cm   Tref25   nLF;TetraCon 925-P; 16201701;
Multi 3620 IDS; 22490970;4;20.08.2026 10:25:37;2.9;µS/cm;Cond;-0.1;°C;Temp;;;C = 0.475 1/cm   Tref25   nLF;TetraCon 925-P; 16201701;
Multi 3620 IDS; 22490970;4;20.08.2026 10:25:38;2.8;µS/cm;Cond;-0.1;°C;Temp;;;C = 0.475 1/cm   Tref25   nLF;TetraCon 925-P; 16201701;
Multi 3620 IDS; 22490970;4;20.08.2026 10:25:39;2.8;µS/cm;Cond;-0.1;°C;Temp;;;C = 0.475 1/cm   Tref25   nLF;TetraCon 925-P; 16201701;
Multi 3620 IDS; 22490970;4;20.08.2026 10:25:40;2.8;µS/cm;Cond;-0.1;°C;Temp;;;C = 0.475 1/cm   Tref25   nLF;TetraCon 925-P; 16201701;
Multi 3620 IDS; 22490970;4;20.08.2026 10:25:41;2.8;µS/cm;Cond;-0.1;°C;Temp;;;C = 0.475 1/cm   Tref25   nLF;TetraCon 925-P; 16201701;
Multi 3620 IDS; 22490970;4;20.08.2026 10:25:42;2.8;µS/cm;Cond;-0.1;°C;Temp;;;C = 0.475 1/cm   Tref25   nLF;TetraCon 925-P; 16201701;
Multi 3620 IDS; 22490970;4;20.08.2026 10:25:43;2.7;µS/cm;Cond;-0.1;°C;Temp;;;C = 0.475 1/cm   Tref25   nLF;TetraCon 925-P; 16201701;
Multi 3620 IDS; 22490970;4;20.08.2026 10:25:44;2.7;µS/cm;Cond;-0.1;°C;Temp;;;C = 0.475 1/cm   Tref25   nLF;TetraCon 925-P; 16201701;
Multi 3620 IDS; 22490970;4;20.08.2026 10:25:45;2.7;µS/cm;Cond;-0.1;°C;Temp;;;C = 0.475 1/cm   Tref25   nLF;TetraCon 925-P; 16201701;
Multi 3620 IDS; 22490970;4;20.08.2026 10:25:46;2.6;µS/cm;Cond;-0.1;°C;Temp;;;C = 0.475 1/cm   Tref25   nLF;TetraCon 925-P; 16201701;
Multi 3620 IDS; 22490970;4;20.08.2026 10:25:47;2.6;µS/cm;Cond;-0.1;°C;Temp;;;C = 0.475 1/cm   Tref25   nLF;TetraCon 925-P; 16201701;
Multi 3620 IDS; 22490970;4;20.08.2026 10:25:48;2.6;µS/cm;Cond;-0.1;°C;Temp;;;C = 0.475 1/cm   Tref25   nLF;TetraCon 925-P; 16201701;
Multi 3620 IDS; 22490970;4;20.08.2026 10:25:49;2.6;µS/cm;Cond;-0.1;°C;Temp;;;C = 0.475 1/cm   Tref25   nLF;TetraCon 925-P; 16201701;
Multi 3620 IDS; 22490970;4;20.08.2026 10:25:50;2.5;µS/cm;Cond;-0.1;°C;Temp;;;C = 0.475 1/cm   Tref25   nLF;TetraCon 925-P; 16201701;
Multi 3620 IDS; 22490970;4;20.08.2026 10:25:51;2.5;µS/cm;Cond;-0.1;°C;Temp;;;C = 0.475 1/cm   Tref25   nLF;TetraCon 925-P; 16201701;
Multi 3620 IDS; 22490970;4;20.08.2026 10:25:52;2.5;µS/cm;Cond;-0.1;°C;Temp;;;C = 0.475 1/cm   Tref25   nLF;TetraCon 925-P; 16201701;
Multi 3620 IDS; 22490970;4;20.08.2026 10:25:53;2.5;µS/cm;Cond;-0.1;°C;Temp;;;C = 0.475 1/cm   Tref25   nLF;TetraCon 925-P; 16201701;
Multi 3620 IDS; 22490970;4;20.08.2026 10:25:54;2.5;µS/cm;Cond;-0.1;°C;Temp;;;C = 0.475 1/cm   Tref25   nLF;TetraCon 925-P; 16201701;
Multi 3620 IDS; 22490970;4;20.08.2026 10:25:55;2.4;µS/cm;Cond;-0.1;°C;Temp;;;C = 0.475 1/cm   Tref25   nLF;TetraCon 925-P; 16201701;
Multi 3620 IDS; 22490970;4;20.08.2026 10:25:56;2.4;µS/cm;Cond;-0.1;°C;Temp;;;C = 0.475 1/cm   Tref25   nLF;TetraCon 925-P; 16201701;
Multi 3620 IDS; 22490970;4;20.08.2026 10:25:57;2.4;µS/cm;Cond;-0.1;°C;Temp;;;C = 0.475 1/cm   Tref25   nLF;TetraCon 925-P; 16201701;
Multi 3620 IDS; 22490970;4;20.08.2026 10:25:58;2.4;µS/cm;Cond;-0.1;°C;Temp;;;C = 0.475 1/cm   Tref25   nLF;TetraCon 925-P; 16201701;
Multi 3620 IDS; 22490970;4;20.08.2026 10:25:59;2.4;µS/cm;Cond;-0.1;°C;Temp;;;C = 0.475 1/cm   Tref25   nLF;TetraCon 925-P; 16201701;
Multi 3620 IDS; 22490970;4;20.08.2026 10:26:00;2.3;µS/cm;Cond;-0.1;°C;Temp;;;C = 0.475 1/cm   Tref25   nLF;TetraCon 925-P; 16201701;
Multi 3620 IDS; 22490970;4;20.08.2026 10:26:01;2.3;µS/cm;Cond;-0.1;°C;Temp;;;C = 0.475 1/cm   Tref25   nLF;TetraCon 925-P; 16201701;
Multi 3620 IDS; 22490970;4;20.08.2026 10:26:02;2.3;µS/cm;Cond;-0.1;°C;Temp;;;C = 0.475 1/cm   Tref25   nLF;TetraCon 925-P; 16201701;
Multi 3620 IDS; 22490970;4;20.08.2026 10:26:03;2.3;µS/cm;Cond;-0.1;°C;Temp;;;C = 0.475 1/cm   Tref25   nLF;TetraCon 925-P; 16201701;
Multi 3620 IDS; 22490970;4;20.08.2026 10:26:04;2.3;µS/cm;Cond;-0.1;°C;Temp;;;C = 0.475 1/cm   Tref25   nLF;TetraCon 925-P; 16201701;
Multi 3620 IDS; 22490970;4;20.08.2026 10:26:05;2.3;µS/cm;Cond;-0.1;°C;Temp;;;C = 0.475 1/cm   Tref25   nLF;TetraCon 925-P; 16201701;
Multi 3620 IDS; 22490970;4;20.08.2026 10:26:06;2.3;µS/cm;Cond;-0.1;°C;Temp;;;C = 0.475 1/cm   Tref25   nLF;TetraCon 925-P; 16201701;
Multi 3620 IDS; 22490970;4;20.08.2026 10:26:07;2.3;µS/cm;Cond;-0.1;°C;Temp;;;C = 0.475 1/cm   Tref25   nLF;TetraCon 925-P; 16201701;
Multi 3620 IDS; 22490970;4;20.08.2026 10:26:08;2.2;µS/cm;Cond;-0.1;°C;Temp;;;C = 0.475 1/cm   Tref25   nLF;TetraCon 925-P; 16201701;
Multi 3620 IDS; 22490970;4;20.08.2026 10:26:09;2.2;µS/cm;Cond;-0.1;°C;Temp;;;C = 0.475 1/cm   Tref25   nLF;TetraCon 925-P; 16201701;
Multi 3620 IDS; 22490970;4;20.08.2026 10:26:10;2.2;µS/cm;Cond;-0.1;°C;Temp;;;C = 0.475 1/cm   Tref25   nLF;TetraCon 925-P; 16201701;
Multi 3620 IDS; 22490970;4;20.08.2026 10:26:11;2.2;µS/cm;Cond;-0.1;°C;Temp;;;C = 0.475 1/cm   Tref25   nLF;TetraCon 925-P; 16201701;
Multi 3620 IDS; 22490970;4;20.08.2026 10:26:12;2.2;µS/cm;Cond;-0.1;°C;Temp;AR;;C = 0.475 1/cm   Tref25   nLF;TetraCon 925-P; 16201701;
Multi 3620 IDS; 22490970;4;20.08.2026 10:26:13;2.2;µS/cm;Cond;-0.1;°C;Temp;AR;;C = 0.475 1/cm   Tref25   nLF;TetraCon 925-P; 16201701;
Multi 3620 IDS; 22490970;4;20.08.2026 10:26:14;2.2;µS/cm;Cond;-0.1;°C;Temp;AR;;C = 0.475 1/cm   Tref25   nLF;TetraCon 925-P; 16201701;
Multi 3620 IDS; 22490970;4;20.08.2026 10:26:15;2.2;µS/cm;Cond;-0.1;°C;Temp;AR;;C = 0.475 1/cm   Tref25   nLF;TetraCon 925-P; 16201701;
Multi 3620 IDS; 22490970;4;20.08.2026 10:26:16;2.2;µS/cm;Cond;-0.1;°C;Temp;AR;;C = 0.475 1/cm   Tref25   nLF;TetraCon 925-P; 16201701;
Multi 3620 IDS; 22490970;4;20.08.2026 10:26:17;2.1;µS/cm;Cond;-0.1;°C;Temp;AR;;C = 0.475 1/cm   Tref25   nLF;TetraCon 925-P; 16201701;
Multi 3620 IDS; 22490970;4;20.08.2026 10:26:18;2.1;µS/cm;Cond;-0.1;°C;Temp;AR;;C = 0.475 1/cm   Tref25   nLF;TetraCon 925-P; 16201701;
Multi 3620 IDS; 22490970;4;20.08.2026 10:26:19;2.1;µS/cm;Cond;-0.1;°C;Temp;AR;;C = 0.475 1/cm   Tref25   nLF;TetraCon 925-P; 16201701;
Multi 3620 IDS; 22490970;4;20.08.2026 10:26:20;2.1;µS/cm;Cond;-0.1;°C;Temp;AR;;C = 0.475 1/cm   Tref25   nLF;TetraCon 925-P; 16201701;
Multi 3620 IDS; 22490970;4;20.08.2026 10:26:21;2.1;µS/cm;Cond;-0.1;°C;Temp;AR;;C = 0.475 1/cm   Tref25   nLF;TetraCon 925-P; 16201701;
Multi 3620 IDS; 22490970;4;20.08.2026 10:26:22;2.1;µS/cm;Cond;-0.1;°C;Temp;AR;;C = 0.475 1/cm   Tref25   nLF;TetraCon 925-P; 16201701;
Multi 3620 IDS; 22490970;4;20.08.2026 10:26:23;2.1;µS/cm;Cond;-0.1;°C;Temp;AR;;C = 0.475 1/cm   Tref25   nLF;TetraCon 925-P; 16201701;
Multi 3620 IDS; 22490970;4;20.08.2026 10:26:24;2.1;µS/cm;Cond;-0.1;°C;Temp;AR;;C = 0.475 1/cm   Tref25   nLF;TetraCon 925-P; 16201701;
Multi 3620 IDS; 22490970;4;20.08.2026 10:26:25;2.1;µS/cm;Cond;-0.1;°C;Temp;AR;;C = 0.475 1/cm   Tref25   nLF;TetraCon 925-P; 16201701;
Multi 3620 IDS; 22490970;4;20.08.2026 10:26:26;2.1;µS/cm;Cond;-0.1;°C;Temp;AR;;C = 0.475 1/cm   Tref25   nLF;TetraCon 925-P; 16201701;
Multi 3620 IDS; 22490970;4;20.08.2026 10:26:27;2.1;µS/cm;Cond;-0.1;°C;Temp;AR;;C = 0.475 1/cm   Tref25   nLF;TetraCon 925-P; 16201701;
Multi 3620 IDS; 22490970;4;20.08.2026 10:26:28;2.1;µS/cm;Cond;-0.1;°C;Temp;AR;;C = 0.475 1/cm   Tref25   nLF;TetraCon 925-P; 16201701;
Multi 3620 IDS; 22490970;4;20.08.2026 10:26:29;2.1;µS/cm;Cond;-0.1;°C;Temp;AR;;C = 0.475 1/cm   Tref25   nLF;TetraCon 925-P; 16201701;
Multi 3620 IDS; 22490970;4;20.08.2026 10:26:30;2.1;µS/cm;Cond;-0.1;°C;Temp;AR;;C = 0.475 1/cm   Tref25   nLF;TetraCon 925-P; 16201701;
Multi 3620 IDS; 22490970;4;20.08.2026 10:26:31;2.1;µS/cm;Cond;-0.1;°C;Temp;AR;;C = 0.475 1/cm   Tref25   nLF;TetraCon 925-P; 16201701;
Multi 3620 IDS; 22490970;4;20.08.2026 10:26:32;2.1;µS/cm;Cond;-0.1;°C;Temp;AR;;C = 0.475 1/cm   Tref25   nLF;TetraCon 925-P; 16201701;
Multi 3620 IDS; 22490970;4;20.08.2026 10:26:33;2.0;µS/cm;Cond;-0.1;°C;Temp;AR;;C = 0.475 1/cm   Tref25   nLF;TetraCon 925-P; 16201701;
Multi 3620 IDS; 22490970;4;20.08.2026 10:26:34;2.0;µS/cm;Cond;-0.1;°C;Temp;AR;;C = 0.475 1/cm   Tref25   nLF;TetraCon 925-P; 16201701;
Multi 3620 IDS; 22490970;4;20.08.2026 10:26:35;2.0;µS/cm;Cond;-0.1;°C;Temp;AR;;C = 0.475 1/cm   Tref25   nLF;TetraCon 925-P; 16201701;
Multi 3620 IDS; 22490970;4;20.08.2026 10:26:36;2.0;µS/cm;Cond;-0.1;°C;Temp;AR;;C = 0.475 1/cm   Tref25   nLF;TetraCon 925-P; 16201701;
Multi 3620 IDS; 22490970;4;20.08.2026 10:26:37;2.0;µS/cm;Cond;-0.1;°C;Temp;AR;;C = 0.475 1/cm   Tref25   nLF;TetraCon 925-P; 16201701;
Multi 3620 IDS; 22490970;4;20.08.2026 10:26:38;2.0;µS/cm;Cond;-0.1;°C;Temp;AR;;C = 0.475 1/cm   Tref25   nLF;TetraCon 925-P; 16201701;
Multi 3620 IDS; 22490970;4;20.08.2026 10:26:39;2.0;µS/cm;Cond;-0.1;°C;Temp;AR;;C = 0.475 1/cm   Tref25   nLF;TetraCon 925-P; 16201701;
Multi 3620 IDS; 22490970;4;20.08.2026 10:26:40;2.0;µS/cm;Cond;-0.1;°C;Temp;AR;;C = 0.475 1/cm   Tref25   nLF;TetraCon 925-P; 16201701;
Multi 3620 IDS; 22490970;4;20.08.2026 10:26:41;2.0;µS/cm;Cond;-0.1;°C;Temp;AR;;C = 0.475 1/cm   Tref25   nLF;TetraCon 925-P; 16201701;
Multi 3620 IDS; 22490970;4;20.08.2026 10:26:42;2.0;µS/cm;Cond;-0.1;°C;Temp;AR;;C = 0.475 1/cm   Tref25   nLF;TetraCon 925-P; 16201701;
Multi 3620 IDS; 22490970;4;20.08.2026 10:26:43;2.0;µS/cm;Cond;-0.1;°C;Temp;AR;;C = 0.475 1/cm   Tref25   nLF;TetraCon 925-P; 16201701;
Multi 3620 IDS; 22490970;4;20.08.2026 10:26:44;2.0;µS/cm;Cond;-0.1;°C;Temp;AR;;C = 0.475 1/cm   Tref25   nLF;TetraCon 925-P; 16201701;
Multi 3620 IDS; 22490970;4;20.08.2026 10:26:45;2.0;µS/cm;Cond;-0.1;°C;Temp;AR;;C = 0.475 1/cm   Tref25   nLF;TetraCon 925-P; 16201701;
Multi 3620 IDS; 22490970;4;20.08.2026 10:26:46;2.0;µS/cm;Cond;-0.1;°C;Temp;AR;;C = 0.475 1/cm   Tref25   nLF;TetraCon 925-P; 16201701;
Multi 3620 IDS; 22490970;4;20.08.2026 10:26:47;2.0;µS/cm;Cond;-0.1;°C;Temp;AR;;C = 0.475 1/cm   Tref25   nLF;TetraCon 925-P; 16201701;
Multi 3620 IDS; 22490970;4;20.08.2026 10:26:48;2.0;µS/cm;Cond;-0.1;°C;Temp;AR;;C = 0.475 1/cm   Tref25   nLF;TetraCon 925-P; 16201701;
Multi 3620 IDS; 22490970;4;20.08.2026 10:26:49;2.0;µS/cm;Cond;-0.1;°C;Temp;AR;;C = 0.475 1/cm   Tref25   nLF;TetraCon 925-P; 16201701;
Multi 3620 IDS; 22490970;4;20.08.2026 10:26:50;2.0;µS/cm;Cond;-0.1;°C;Temp;AR;;C = 0.475 1/cm   Tref25   nLF;TetraCon 925-P; 16201701;
Multi 3620 IDS; 22490970;4;20.08.2026 10:26:51;2.0;µS/cm;Cond;-0.1;°C;Temp;AR;;C = 0.475 1/cm   Tref25   nLF;TetraCon 925-P; 16201701;
Multi 3620 IDS; 22490970;4;20.08.2026 10:26:52;2.0;µS/cm;Cond;-0.1;°C;Temp;AR;;C = 0.475 1/cm   Tref25   nLF;TetraCon 925-P; 16201701;
Multi 3620 IDS; 22490970;4;20.08.2026 10:26:53;2.0;µS/cm;Cond;-0.1;°C;Temp;AR;;C = 0.475 1/cm   Tref25   nLF;TetraCon 925-P; 16201701;
Multi 3620 IDS; 22490970;4;20.08.2026 10:26:54;2.0;µS/cm;Cond;-0.1;°C;Temp;AR;;C = 0.475 1/cm   Tref25   nLF;TetraCon 925-P; 16201701;
Multi 3620 IDS; 22490970;4;20.08.2026 10:26:55;2.0;µS/cm;Cond;-0.1;°C;Temp;AR;;C = 0.475 1/cm   Tref25   nLF;TetraCon 925-P; 16201701;
Multi 3620 IDS; 22490970;4;20.08.2026 10:26:56;2.0;µS/cm;Cond;-0.1;°C;Temp;AR;;C = 0.475 1/cm   Tref25   nLF;TetraCon 925-P; 16201701;
Multi 3620 IDS; 22490970;4;20.08.2026 10:26:57;2.0;µS/cm;Cond;-0.1;°C;Temp;AR;;C = 0.475 1/cm   Tref25   nLF;TetraCon 925-P; 16201701;
Multi 3620 IDS; 22490970;4;20.08.2026 10:26:58;2.0;µS/cm;Cond;-0.1;°C;Temp;AR;;C = 0.475 1/cm   Tref25   nLF;TetraCon 925-P; 16201701;
Multi 3620 IDS; 22490970;4;20.08.2026 10:26:59;1.9;µS/cm;Cond;-0.1;°C;Temp;AR;;C = 0.475 1/cm   Tref25   nLF;TetraCon 925-P; 16201701;
Multi 3620 IDS; 22490970;4;20.08.2026 10:27:00;1.9;µS/cm;Cond;-0.1;°C;Temp;AR;;C = 0.475 1/cm   Tref25   nLF;TetraCon 925-P; 16201701;
Multi 3620 IDS; 22490970;4;20.08.2026 10:27:01;1.9;µS/cm;Cond;-0.1;°C;Temp;AR;;C = 0.475 1/cm   Tref25   nLF;TetraCon 925-P; 16201701;
Multi 3620 IDS; 22490970;4;20.08.2026 10:27:02;1.9;µS/cm;Cond;-0.1;°C;Temp;AR;;C = 0.475 1/cm   Tref25   nLF;TetraCon 925-P; 16201701;
Multi 3620 IDS; 22490970;4;20.08.2026 10:27:03;1.9;µS/cm;Cond;-0.1;°C;Temp;AR;;C = 0.475 1/cm   Tref25   nLF;TetraCon 925-P; 16201701;
Multi 3620 IDS; 22490970;4;20.08.2026 10:27:04;1.9;µS/cm;Cond;-0.1;°C;Temp;AR;;C = 0.475 1/cm   Tref25   nLF;TetraCon 925-P; 16201701;
Multi 3620 IDS; 22490970;4;20.08.2026 10:27:05;1.9;µS/cm;Cond;-0.1;°C;Temp;AR;;C = 0.475 1/cm   Tref25   nLF;TetraCon 925-P; 16201701;
Multi 3620 IDS; 22490970;4;20.08.2026 10:27:06;1.9;µS/cm;Cond;-0.1;°C;Temp;AR;;C = 0.475 1/cm   Tref25   nLF;TetraCon 925-P; 16201701;
Multi 3620 IDS; 22490970;4;20.08.2026 10:27:07;1.9;µS/cm;Cond;-0.1;°C;Temp;AR;;C = 0.475 1/cm   Tref25   nLF;TetraCon 925-P; 16201701;
Multi 3620 IDS; 22490970;4;20.08.2026 10:27:08;1.9;µS/cm;Cond;-0.1;°C;Temp;AR;;C = 0.475 1/cm   Tref25   nLF;TetraCon 925-P; 16201701;
Multi 3620 IDS; 22490970;4;20.08.2026 10:27:09;1.9;µS/cm;Cond;-0.1;°C;Temp;AR;;C = 0.475 1/cm   Tref25   nLF;TetraCon 925-P; 16201701;
Multi 3620 IDS; 22490970;4;20.08.2026 10:27:10;1.9;µS/cm;Cond;-0.1;°C;Temp;AR;;C = 0.475 1/cm   Tref25   nLF;TetraCon 925-P; 16201701;
Multi 3620 IDS; 22490970;4;20.08.2026 10:27:11;1.9;µS/cm;Cond;-0.1;°C;Temp;AR;;C = 0.475 1/cm   Tref25   nLF;TetraCon 925-P; 16201701;
Multi 3620 IDS; 22490970;4;20.08.2026 10:27:12;1.9;µS/cm;Cond;-0.1;°C;Temp;AR;;C = 0.475 1/cm   Tref25   nLF;TetraCon 925-P; 16201701;
Multi 3620 IDS; 22490970;4;20.08.2026 10:27:13;1.9;µS/cm;Cond;-0.1;°C;Temp;AR;;C = 0.475 1/cm   Tref25   nLF;TetraCon 925-P; 16201701;
Multi 3620 IDS; 22490970;4;20.08.2026 10:27:14;1.9;µS/cm;Cond;-0.1;°C;Temp;AR;;C = 0.475 1/cm   Tref25   nLF;TetraCon 925-P; 16201701;
Multi 3620 IDS; 22490970;4;20.08.2026 10:27:15;1.9;µS/cm;Cond;-0.1;°C;Temp;AR;;C = 0.475 1/cm   Tref25   nLF;TetraCon 925-P; 16201701;
Multi 3620 IDS; 22490970;4;20.08.2026 10:27:16;1.9;µS/cm;Cond;-0.1;°C;Temp;AR;;C = 0.475 1/cm   Tref25   nLF;TetraCon 925-P; 16201701;
Multi 3620 IDS; 22490970;4;20.08.2026 10:27:17;1.9;µS/cm;Cond;-0.1;°C;Temp;AR;;C = 0.475 1/cm   Tref25   nLF;TetraCon 925-P; 16201701;
Multi 3620 IDS; 22490970;4;20.08.2026 10:27:18;1.9;µS/cm;Cond;-0.1;°C;Temp;AR;;C = 0.475 1/cm   Tref25   nLF;TetraCon 925-P; 16201701;
Multi 3620 IDS; 22490970;4;20.08.2026 10:27:19;1.9;µS/cm;Cond;-0.1;°C;Temp;AR;;C = 0.475 1/cm   Tref25   nLF;TetraCon 925-P; 16201701;
Multi 3620 IDS; 22490970;4;20.08.2026 10:27:20;1.9;µS/cm;Cond;-0.1;°C;Temp;AR;;C = 0.475 1/cm   Tref25   nLF;TetraCon 925-P; 16201701;
Multi 3620 IDS; 22490970;4;20.08.2026 10:27:21;1.9;µS/cm;Cond;-0.1;°C;Temp;AR;;C = 0.475 1/cm   Tref25   nLF;TetraCon 925-P; 16201701;
Multi 3620 IDS; 22490970;4;20.08.2026 10:27:53;1.9;µS/cm;Cond;-0.1;°C;Temp;AR;;C = 0.475 1/cm   Tref25   nLF;TetraCon 925-P; 16201701;
Multi 3620 IDS; 22490970;4;20.08.2026 10:27:54;1.9;µS/cm;Cond;-0.1;°C;Temp;AR;;C = 0.475 1/cm   Tref25   nLF;TetraCon 925-P; 16201701;
Multi 3620 IDS; 22490970;4;20.08.2026 10:27:55;1.9;µS/cm;Cond;-0.1;°C;Temp;AR;;C = 0.475 1/cm   Tref25   nLF;TetraCon 925-P; 16201701;
Multi 3620 IDS; 22490970;4;20.08.2026 10:27:56;1.9;µS/cm;Cond;-0.1;°C;Temp;AR;;C = 0.475 1/cm   Tref25   nLF;TetraCon 925-P; 16201701;
Multi 3620 IDS; 22490970;4;20.08.2026 10:27:57;1.9;µS/cm;Cond;-0.1;°C;Temp;AR;;C = 0.475 1/cm   Tref25   nLF;TetraCon 925-P; 16201701;
Multi 3620 IDS; 22490970;4;20.08.2026 10:27:58;1.9;µS/cm;Cond;-0.1;°C;Temp;AR;;C = 0.475 1/cm   Tref25   nLF;TetraCon 925-P; 16201701;
Multi 3620 IDS; 22490970;4;20.08.2026 10:27:59;1.9;µS/cm;Cond;-0.1;°C;Temp;AR;;C = 0.475 1/cm   Tref25   nLF;TetraCon 925-P; 16201701;
Multi 3620 IDS; 22490970;4;20.08.2026 10:28:00;1.9;µS/cm;Cond;-0.1;°C;Temp;AR;;C = 0.475 1/cm   Tref25   nLF;TetraCon 925-P; 16201701;
Multi 3620 IDS; 22490970;4;20.08.2026 10:28:01;1.9;µS/cm;Cond;-0.1;°C;Temp;AR;;C = 0.475 1/cm   Tref25   nLF;TetraCon 925-P; 16201701;
Multi 3620 IDS; 22490970;4;20.08.2026 10:28:02;1.9;µS/cm;Cond;-0.1;°C;Temp;AR;;C = 0.475 1/cm   Tref25   nLF;TetraCon 925-P; 16201701;
Multi 3620 IDS; 22490970;4;20.08.2026 10:28:03;1.9;µS/cm;Cond;-0.1;°C;Temp;AR;;C = 0.475 1/cm   Tref25   nLF;TetraCon 925-P; 16201701;
Multi 3620 IDS; 22490970;4;20.08.2026 10:28:04;1.9;µS/cm;Cond;-0.1;°C;Temp;AR;;C = 0.475 1/cm   Tref25   nLF;TetraCon 925-P; 16201701;
Multi 3620 IDS; 22490970;4;20.08.2026 10:28:05;1.9;µS/cm;Cond;-0.1;°C;Temp;AR;;C = 0.475 1/cm   Tref25   nLF;TetraCon 925-P; 16201701;
Multi 3620 IDS; 22490970;4;20.08.2026 10:28:06;1.9;µS/cm;Cond;-0.1;°C;Temp;AR;;C = 0.475 1/cm   Tref25   nLF;TetraCon 925-P; 16201701;
Multi 3620 IDS; 22490970;4;20.08.2026 10:28:07;1.9;µS/cm;Cond;-0.1;°C;Temp;AR;;C = 0.475 1/cm   Tref25   nLF;TetraCon 925-P; 16201701;
Multi 3620 IDS; 22490970;4;20.08.2026 10:28:08;1.9;µS/cm;Cond;-0.1;°C;Temp;AR;;C = 0.475 1/cm   Tref25   nLF;TetraCon 925-P; 16201701;
Multi 3620 IDS; 22490970;4;20.08.2026 10:28:09;1.9;µS/cm;Cond;-0.1;°C;Temp;AR;;C = 0.475 1/cm   Tref25   nLF;TetraCon 925-P; 16201701;
Multi 3620 IDS; 22490970;4;20.08.2026 10:28:10;1.9;µS/cm;Cond;-0.1;°C;Temp;AR;;C = 0.475 1/cm   Tref25   nLF;TetraCon 925-P; 16201701;
Multi 3620 IDS; 22490970;4;20.08.2026 10:28:11;1.9;µS/cm;Cond;-0.1;°C;Temp;AR;;C = 0.475 1/cm   Tref25   nLF;TetraCon 925-P; 16201701;
Multi 3620 IDS; 22490970;4;20.08.2026 10:28:12;1.9;µS/cm;Cond;-0.1;°C;Temp;AR;;C = 0.475 1/cm   Tref25   nLF;TetraCon 925-P; 16201701;
Multi 3620 IDS; 22490970;4;20.08.2026 10:28:13;1.9;µS/cm;Cond;-0.1;°C;Temp;AR;;C = 0.475 1/cm   Tref25   nLF;TetraCon 925-P; 16201701;
Multi 3620 IDS; 22490970;4;20.08.2026 10:28:14;1.9;µS/cm;Cond;-0.1;°C;Temp;AR;;C = 0.475 1/cm   Tref25   nLF;TetraCon 925-P; 16201701;
Multi 3620 IDS; 22490970;4;20.08.2026 10:28:15;1.9;µS/cm;Cond;-0.1;°C;Temp;AR;;C = 0.475 1/cm   Tref25   nLF;TetraCon 925-P; 16201701;
Multi 3620 IDS; 22490970;4;20.08.2026 10:28:16;1.9;µS/cm;Cond;-0.1;°C;Temp;AR;;C = 0.475 1/cm   Tref25   nLF;TetraCon 925-P; 16201701;
Multi 3620 IDS; 22490970;4;20.08.2026 10:28:17;1.9;µS/cm;Cond;-0.1;°C;Temp;AR;;C = 0.475 1/cm   Tref25   nLF;TetraCon 925-P; 16201701;
Multi 3620 IDS; 22490970;4;20.08.2026 10:28:18;1.9;µS/cm;Cond;-0.1;°C;Temp;AR;;C = 0.475 1/cm   Tref25   nLF;TetraCon 925-P; 16201701;
Multi 3620 IDS; 22490970;4;20.08.2026 10:28:19;1.9;µS/cm;Cond;-0.1;°C;Temp;AR;;C = 0.475 1/cm   Tref25   nLF;TetraCon 925-P; 16201701;
Multi 3620 IDS; 22490970;4;20.08.2026 10:28:20;1.9;µS/cm;Cond;-0.1;°C;Temp;AR;;C = 0.475 1/cm   Tref25   nLF;TetraCon 925-P; 16201701;
Multi 3620 IDS; 22490970;4;20.08.2026 10:28:21;1.9;µS/cm;Cond;-0.1;°C;Temp;AR;;C = 0.475 1/cm   Tref25   nLF;TetraCon 925-P; 16201701;
Multi 3620 IDS; 22490970;4;20.08.2026 10:28:22;1.9;µS/cm;Cond;-0.1;°C;Temp;AR;;C = 0.475 1/cm   Tref25   nLF;TetraCon 925-P; 16201701;
Multi 3620 IDS; 22490970;4;20.08.2026 10:28:23;1.9;µS/cm;Cond;-0.1;°C;Temp;AR;;C = 0.475 1/cm   Tref25   nLF;TetraCon 925-P; 16201701;
Multi 3620 IDS; 22490970;4;20.08.2026 10:28:24;1.9;µS/cm;Cond;-0.1;°C;Temp;AR;;C = 0.475 1/cm   Tref25   nLF;TetraCon 925-P; 16201701;
Multi 3620 IDS; 22490970;4;20.08.2026 10:28:25;1.9;µS/cm;Cond;-0.1;°C;Temp;AR;;C = 0.475 1/cm   Tref25   nLF;TetraCon 925-P; 16201701;
Multi 3620 IDS; 22490970;4;20.08.2026 10:28:26;1.9;µS/cm;Cond;-0.1;°C;Temp;AR;;C = 0.475 1/cm   Tref25   nLF;TetraCon 925-P; 16201701;
Multi 3620 IDS; 22490970;4;20.08.2026 10:28:27;1.9;µS/cm;Cond;-0.1;°C;Temp;AR;;C = 0.475 1/cm   Tref25   nLF;TetraCon 925-P; 16201701;
Multi 3620 IDS; 22490970;4;20.08.2026 10:28:28;1.9;µS/cm;Cond;-0.1;°C;Temp;AR;;C = 0.475 1/cm   Tref25   nLF;TetraCon 925-P; 16201701;
Multi 3620 IDS; 22490970;4;20.08.2026 10:28:29;1.9;µS/cm;Cond;-0.1;°C;Temp;AR;;C = 0.475 1/cm   Tref25   nLF;TetraCon 925-P; 16201701;
Multi 3620 IDS; 22490970;4;20.08.2026 10:28:30;1.9;µS/cm;Cond;-0.1;°C;Temp;AR;;C = 0.475 1/cm   Tref25   nLF;TetraCon 925-P; 16201701;
Multi 3620 IDS; 22490970;4;20.08.2026 10:28:31;1.9;µS/cm;Cond;-0.1;°C;Temp;AR;;C = 0.475 1/cm   Tref25   nLF;TetraCon 925-P; 16201701;
Multi 3620 IDS; 22490970;4;20.08.2026 10:28:32;1.9;µS/cm;Cond;-0.1;°C;Temp;AR;;C = 0.475 1/cm   Tref25   nLF;TetraCon 925-P; 16201701;
Multi 3620 IDS; 22490970;4;20.08.2026 10:28:33;1.9;µS/cm;Cond;-0.1;°C;Temp;AR;;C = 0.475 1/cm   Tref25   nLF;TetraCon 925-P; 16201701;
Multi 3620 IDS; 22490970;4;20.08.2026 10:28:34;1.9;µS/cm;Cond;-0.1;°C;Temp;AR;;C = 0.475 1/cm   Tref25   nLF;TetraCon 925-P; 16201701;
Multi 3620 IDS; 22490970;4;20.08.2026 10:28:35;1.9;µS/cm;Cond;-0.1;°C;Temp;AR;;C = 0.475 1/cm   Tref25   nLF;TetraCon 925-P; 16201701;
Multi 3620 IDS; 22490970;4;20.08.2026 10:28:36;1.9;µS/cm;Cond;-0.1;°C;Temp;AR;;C = 0.475 1/cm   Tref25   nLF;TetraCon 925-P; 16201701;
Multi 3620 IDS; 22490970;4;20.08.2026 10:28:37;1.9;µS/cm;Cond;-0.1;°C;Temp;AR;;C = 0.475 1/cm   Tref25   nLF;TetraCon 925-P; 16201701;
Multi 3620 IDS; 22490970;4;20.08.2026 10:28:38;1.9;µS/cm;Cond;-0.1;°C;Temp;AR;;C = 0.475 1/cm   Tref25   nLF;TetraCon 925-P; 16201701;
Multi 3620 IDS; 22490970;4;20.08.2026 10:28:39;1.9;µS/cm;Cond;-0.1;°C;Temp;AR;;C = 0.475 1/cm   Tref25   nLF;TetraCon 925-P; 16201701;
Multi 3620 IDS; 22490970;4;20.08.2026 10:28:40;1.9;µS/cm;Cond;-0.1;°C;Temp;AR;;C = 0.475 1/cm   Tref25   nLF;TetraCon 925-P; 16201701;
Multi 3620 IDS; 22490970;4;20.08.2026 10:28:41;1.9;µS/cm;Cond;-0.1;°C;Temp;AR;;C = 0.475 1/cm   Tref25   nLF;TetraCon 925-P; 16201701;
Multi 3620 IDS; 22490970;4;20.08.2026 10:28:42;1.9;µS/cm;Cond;-0.1;°C;Temp;AR;;C = 0.475 1/cm   Tref25   nLF;TetraCon 925-P; 16201701;
Multi 3620 IDS; 22490970;4;20.08.2026 10:28:43;1.8;µS/cm;Cond;-0.1;°C;Temp;AR;;C = 0.475 1/cm   Tref25   nLF;TetraCon 925-P; 16201701;
Multi 3620 IDS; 22490970;4;20.08.2026 10:28:44;1.8;µS/cm;Cond;-0.1;°C;Temp;AR;;C = 0.475 1/cm   Tref25   nLF;TetraCon 925-P; 16201701;
Multi 3620 IDS; 22490970;4;20.08.2026 10:28:45;1.8;µS/cm;Cond;-0.1;°C;Temp;AR;;C = 0.475 1/cm   Tref25   nLF;TetraCon 925-P; 16201701;
Multi 3620 IDS; 22490970;4;20.08.2026 10:28:46;1.8;µS/cm;Cond;-0.1;°C;Temp;AR;;C = 0.475 1/cm   Tref25   nLF;TetraCon 925-P; 16201701;
Multi 3620 IDS; 22490970;4;20.08.2026 10:28:47;1.8;µS/cm;Cond;-0.1;°C;Temp;AR;;C = 0.475 1/cm   Tref25   nLF;TetraCon 925-P; 16201701;
Multi 3620 IDS; 22490970;4;20.08.2026 10:28:48;1.8;µS/cm;Cond;-0.1;°C;Temp;AR;;C = 0.475 1/cm   Tref25   nLF;TetraCon 925-P; 16201701;
Multi 3620 IDS; 22490970;4;20.08.2026 10:28:49;1.8;µS/cm;Cond;-0.1;°C;Temp;AR;;C = 0.475 1/cm   Tref25   nLF;TetraCon 925-P; 16201701;
Multi 3620 IDS; 22490970;4;20.08.2026 10:28:50;1.8;µS/cm;Cond;-0.1;°C;Temp;AR;;C = 0.475 1/cm   Tref25   nLF;TetraCon 925-P; 16201701;
Multi 3620 IDS; 22490970;4;20.08.2026 10:28:51;1.8;µS/cm;Cond;-0.1;°C;Temp;AR;;C = 0.475 1/cm   Tref25   nLF;TetraCon 925-P; 16201701;
Multi 3620 IDS; 22490970;4;20.08.2026 10:28:52;1.8;µS/cm;Cond;-0.1;°C;Temp;AR;;C = 0.475 1/cm   Tref25   nLF;TetraCon 925-P; 16201701;
Multi 3620 IDS; 22490970;4;20.08.2026 10:28:53;1.8;µS/cm;Cond;-0.1;°C;Temp;AR;;C = 0.475 1/cm   Tref25   nLF;TetraCon 925-P; 16201701;
Multi 3620 IDS; 22490970;4;20.08.2026 10:28:54;1.8;µS/cm;Cond;-0.1;°C;Temp;AR;;C = 0.475 1/cm   Tref25   nLF;TetraCon 925-P; 16201701;
Multi 3620 IDS; 22490970;4;20.08.2026 10:28:55;1.8;µS/cm;Cond;-0.1;°C;Temp;AR;;C = 0.475 1/cm   Tref25   nLF;TetraCon 925-P; 16201701;
Multi 3620 IDS; 22490970;4;20.08.2026 10:28:56;1.8;µS/cm;Cond;-0.1;°C;Temp;AR;;C = 0.475 1/cm   Tref25   nLF;TetraCon 925-P; 16201701;
Multi 3620 IDS; 22490970;4;20.08.2026 10:28:57;1.8;µS/cm;Cond;-0.1;°C;Temp;AR;;C = 0.475 1/cm   Tref25   nLF;TetraCon 925-P; 16201701;
Multi 3620 IDS; 22490970;4;20.08.2026 10:28:58;1.8;µS/cm;Cond;-0.1;°C;Temp;AR;;C = 0.475 1/cm   Tref25   nLF;TetraCon 925-P; 16201701;
Multi 3620 IDS; 22490970;4;20.08.2026 10:28:59;1.8;µS/cm;Cond;-0.1;°C;Temp;AR;;C = 0.475 1/cm   Tref25   nLF;TetraCon 925-P; 16201701;
Multi 3620 IDS; 22490970;4;20.08.2026 10:29:00;1.8;µS/cm;Cond;-0.1;°C;Temp;AR;;C = 0.475 1/cm   Tref25   nLF;TetraCon 925-P; 16201701;
Multi 3620 IDS; 22490970;4;20.08.2026 10:29:01;1.8;µS/cm;Cond;-0.1;°C;Temp;AR;;C = 0.475 1/cm   Tref25   nLF;TetraCon 925-P; 16201701;
Multi 3620 IDS; 22490970;4;20.08.2026 10:29:02;1.8;µS/cm;Cond;-0.1;°C;Temp;AR;;C = 0.475 1/cm   Tref25   nLF;TetraCon 925-P; 16201701;
Multi 3620 IDS; 22490970;4;20.08.2026 10:29:03;1.8;µS/cm;Cond;-0.1;°C;Temp;AR;;C = 0.475 1/cm   Tref25   nLF;TetraCon 925-P; 16201701;
Multi 3620 IDS; 22490970;4;20.08.2026 10:29:04;1.8;µS/cm;Cond;-0.1;°C;Temp;AR;;C = 0.475 1/cm   Tref25   nLF;TetraCon 925-P; 16201701;
Multi 3620 IDS; 22490970;4;20.08.2026 10:29:05;1.8;µS/cm;Cond;-0.1;°C;Temp;AR;;C = 0.475 1/cm   Tref25   nLF;TetraCon 925-P; 16201701;
Multi 3620 IDS; 22490970;4;20.08.2026 10:29:06;1.8;µS/cm;Cond;-0.1;°C;Temp;AR;;C = 0.475 1/cm   Tref25   nLF;TetraCon 925-P; 16201701;
Multi 3620 IDS; 22490970;4;20.08.2026 10:29:07;1.8;µS/cm;Cond;-0.1;°C;Temp;AR;;C = 0.475 1/cm   Tref25   nLF;TetraCon 925-P; 16201701;
Multi 3620 IDS; 22490970;4;20.08.2026 10:29:08;1.8;µS/cm;Cond;-0.1;°C;Temp;AR;;C = 0.475 1/cm   Tref25   nLF;TetraCon 925-P; 16201701;
Multi 3620 IDS; 22490970;4;20.08.2026 10:29:09;1.8;µS/cm;Cond;-0.1;°C;Temp;AR;;C = 0.475 1/cm   Tref25   nLF;TetraCon 925-P; 16201701;
Multi 3620 IDS; 22490970;4;20.08.2026 10:29:10;1.8;µS/cm;Cond;-0.1;°C;Temp;AR;;C = 0.475 1/cm   Tref25   nLF;TetraCon 925-P; 16201701;
Multi 3620 IDS; 22490970;4;20.08.2026 10:29:11;1.8;µS/cm;Cond;-0.1;°C;Temp;AR;;C = 0.475 1/cm   Tref25   nLF;TetraCon 925-P; 16201701;
Multi 3620 IDS; 22490970;4;20.08.2026 10:29:12;1.8;µS/cm;Cond;-0.1;°C;Temp;AR;;C = 0.475 1/cm   Tref25   nLF;TetraCon 925-P; 16201701;
Multi 3620 IDS; 22490970;4;20.08.2026 10:29:13;1.8;µS/cm;Cond;-0.1;°C;Temp;AR;;C = 0.475 1/cm   Tref25   nLF;TetraCon 925-P; 16201701;
Multi 3620 IDS; 22490970;4;20.08.2026 10:29:14;1.8;µS/cm;Cond;-0.1;°C;Temp;AR;;C = 0.475 1/cm   Tref25   nLF;TetraCon 925-P; 16201701;
Multi 3620 IDS; 22490970;4;20.08.2026 10:29:15;1.9;µS/cm;Cond;-0.1;°C;Temp;AR;;C = 0.475 1/cm   Tref25   nLF;TetraCon 925-P; 16201701;
Multi 3620 IDS; 22490970;4;20.08.2026 10:29:16;1.9;µS/cm;Cond;-0.1;°C;Temp;AR;;C = 0.475 1/cm   Tref25   nLF;TetraCon 925-P; 16201701;
Multi 3620 IDS; 22490970;4;20.08.2026 10:29:17;1.9;µS/cm;Cond;-0.1;°C;Temp;AR;;C = 0.475 1/cm   Tref25   nLF;TetraCon 925-P; 16201701;
Multi 3620 IDS; 22490970;4;20.08.2026 10:29:18;1.9;µS/cm;Cond;-0.1;°C;Temp;;;C = 0.475 1/cm   Tref25   nLF;TetraCon 925-P; 16201701;
Multi 3620 IDS; 22490970;4;20.08.2026 10:29:19;2.0;µS/cm;Cond;-0.1;°C;Temp;;;C = 0.475 1/cm   Tref25   nLF;TetraCon 925-P; 16201701;
Multi 3620 IDS; 22490970;4;20.08.2026 10:29:20;2.0;µS/cm;Cond;-0.1;°C;Temp;;;C = 0.475 1/cm   Tref25   nLF;TetraCon 925-P; 16201701;
Multi 3620 IDS; 22490970;4;20.08.2026 10:29:21;2.1;µS/cm;Cond;-0.1;°C;Temp;;;C = 0.475 1/cm   Tref25   nLF;TetraCon 925-P; 16201701;
Multi 3620 IDS; 22490970;4;20.08.2026 10:29:22;2.1;µS/cm;Cond;-0.1;°C;Temp;;;C = 0.475 1/cm   Tref25   nLF;TetraCon 925-P; 16201701;
Multi 3620 IDS; 22490970;4;20.08.2026 10:29:23;2.5;µS/cm;Cond;-0.1;°C;Temp;;;C = 0.475 1/cm   Tref25   nLF;TetraCon 925-P; 16201701;
Multi 3620 IDS; 22490970;4;20.08.2026 10:29:24;2.9;µS/cm;Cond;-0.1;°C;Temp;;;C = 0.475 1/cm   Tref25   nLF;TetraCon 925-P; 16201701;
Multi 3620 IDS; 22490970;4;20.08.2026 10:29:25;3.1;µS/cm;Cond;-0.1;°C;Temp;;;C = 0.475 1/cm   Tref25   nLF;TetraCon 925-P; 16201701;
Multi 3620 IDS; 22490970;4;20.08.2026 10:29:26;3.4;µS/cm;Cond;-0.1;°C;Temp;;;C = 0.475 1/cm   Tref25   nLF;TetraCon 925-P; 16201701;
Multi 3620 IDS; 22490970;4;20.08.2026 10:29:27;3.9;µS/cm;Cond;-0.1;°C;Temp;;;C = 0.475 1/cm   Tref25   nLF;TetraCon 925-P; 16201701;
Multi 3620 IDS; 22490970;4;20.08.2026 10:29:28;4.3;µS/cm;Cond;-0.1;°C;Temp;;;C = 0.475 1/cm   Tref25   nLF;TetraCon 925-P; 16201701;
Multi 3620 IDS; 22490970;4;20.08.2026 10:29:29;4.5;µS/cm;Cond;-0.1;°C;Temp;;;C = 0.475 1/cm   Tref25   nLF;TetraCon 925-P; 16201701;
Multi 3620 IDS; 22490970;4;20.08.2026 10:29:30;5.2;µS/cm;Cond;-0.1;°C;Temp;;;C = 0.475 1/cm   Tref25   nLF;TetraCon 925-P; 16201701;
Multi 3620 IDS; 22490970;4;20.08.2026 10:29:31;5.7;µS/cm;Cond;-0.1;°C;Temp;;;C = 0.475 1/cm   Tref25   nLF;TetraCon 925-P; 16201701;
Multi 3620 IDS; 22490970;4;20.08.2026 10:29:32;6.7;µS/cm;Cond;-0.1;°C;Temp;;;C = 0.475 1/cm   Tref25   nLF;TetraCon 925-P; 16201701;
Multi 3620 IDS; 22490970;4;20.08.2026 10:29:33;8.8;µS/cm;Cond;-0.1;°C;Temp;;;C = 0.475 1/cm   Tref25   nLF;TetraCon 925-P; 16201701;
Multi 3620 IDS; 22490970;4;20.08.2026 10:29:34;10.5;µS/cm;Cond;-0.1;°C;Temp;;;C = 0.475 1/cm   Tref25   nLF;TetraCon 925-P; 16201701;
Multi 3620 IDS; 22490970;4;20.08.2026 10:29:35;11.6;µS/cm;Cond;-0.1;°C;Temp;;;C = 0.475 1/cm   Tref25   nLF;TetraCon 925-P; 16201701;
Multi 3620 IDS; 22490970;4;20.08.2026 10:29:36;12.3;µS/cm;Cond;-0.1;°C;Temp;;;C = 0.475 1/cm   Tref25   nLF;TetraCon 925-P; 16201701;
Multi 3620 IDS; 22490970;4;20.08.2026 10:29:37;12.3;µS/cm;Cond;-0.1;°C;Temp;;;C = 0.475 1/cm   Tref25   nLF;TetraCon 925-P; 16201701;
Multi 3620 IDS; 22490970;4;20.08.2026 10:29:38;15.2;µS/cm;Cond;-0.1;°C;Temp;;;C = 0.475 1/cm   Tref25   nLF;TetraCon 925-P; 16201701;
Multi 3620 IDS; 22490970;4;20.08.2026 10:29:39;18.6;µS/cm;Cond;-0.1;°C;Temp;;;C = 0.475 1/cm   Tref25   nLF;TetraCon 925-P; 16201701;
Multi 3620 IDS; 22490970;4;20.08.2026 10:29:40;20.7;µS/cm;Cond;-0.1;°C;Temp;;;C = 0.475 1/cm   Tref25   nLF;TetraCon 925-P; 16201701;
Multi 3620 IDS; 22490970;4;20.08.2026 10:29:41;22.3;µS/cm;Cond;-0.1;°C;Temp;;;C = 0.475 1/cm   Tref25   nLF;TetraCon 925-P; 16201701;
Multi 3620 IDS; 22490970;4;20.08.2026 10:29:42;36.5;µS/cm;Cond;-0.1;°C;Temp;;;C = 0.475 1/cm   Tref25   nLF;TetraCon 925-P; 16201701;
Multi 3620 IDS; 22490970;4;20.08.2026 10:29:43;37.8;µS/cm;Cond;-0.1;°C;Temp;;;C = 0.475 1/cm   Tref25   nLF;TetraCon 925-P; 16201701;
Multi 3620 IDS; 22490970;4;20.08.2026 10:29:44;38.7;µS/cm;Cond;-0.1;°C;Temp;;;C = 0.475 1/cm   Tref25   nLF;TetraCon 925-P; 16201701;
Multi 3620 IDS; 22490970;4;20.08.2026 10:29:45;27.5;µS/cm;Cond;-0.1;°C;Temp;;;C = 0.475 1/cm   Tref25   nLF;TetraCon 925-P; 16201701;
Multi 3620 IDS; 22490970;4;20.08.2026 10:29:46;29.1;µS/cm;Cond;-0.1;°C;Temp;;;C = 0.475 1/cm   Tref25   nLF;TetraCon 925-P; 16201701;
Multi 3620 IDS; 22490970;4;20.08.2026 10:29:47;31.6;µS/cm;Cond;-0.1;°C;Temp;;;C = 0.475 1/cm   Tref25   nLF;TetraCon 925-P; 16201701;
Multi 3620 IDS; 22490970;4;20.08.2026 10:29:48;34.9;µS/cm;Cond;-0.1;°C;Temp;;;C = 0.475 1/cm   Tref25   nLF;TetraCon 925-P; 16201701;
Multi 3620 IDS; 22490970;4;20.08.2026 10:29:49;36.2;µS/cm;Cond;-0.1;°C;Temp;;;C = 0.475 1/cm   Tref25   nLF;TetraCon 925-P; 16201701;
Multi 3620 IDS; 22490970;4;20.08.2026 10:29:50;36.7;µS/cm;Cond;-0.1;°C;Temp;;;C = 0.475 1/cm   Tref25   nLF;TetraCon 925-P; 16201701;
Multi 3620 IDS; 22490970;4;20.08.2026 10:29:51;38.5;µS/cm;Cond;-0.1;°C;Temp;;;C = 0.475 1/cm   Tref25   nLF;TetraCon 925-P; 16201701;
Multi 3620 IDS; 22490970;4;20.08.2026 10:29:52;40.9;µS/cm;Cond;-0.1;°C;Temp;;;C = 0.475 1/cm   Tref25   nLF;TetraCon 925-P; 16201701;
Multi 3620 IDS; 22490970;4;20.08.2026 10:29:53;41.5;µS/cm;Cond;-0.1;°C;Temp;;;C = 0.475 1/cm   Tref25   nLF;TetraCon 925-P; 16201701;
Multi 3620 IDS; 22490970;4;20.08.2026 10:29:54;42.1;µS/cm;Cond;-0.1;°C;Temp;;;C = 0.475 1/cm   Tref25   nLF;TetraCon 925-P; 16201701;
Multi 3620 IDS; 22490970;4;20.08.2026 10:29:55;41.9;µS/cm;Cond;-0.1;°C;Temp;;;C = 0.475 1/cm   Tref25   nLF;TetraCon 925-P; 16201701;
Multi 3620 IDS; 22490970;4;20.08.2026 10:29:56;41.9;µS/cm;Cond;-0.1;°C;Temp;;;C = 0.475 1/cm   Tref25   nLF;TetraCon 925-P; 16201701;
Multi 3620 IDS; 22490970;4;20.08.2026 10:29:57;42.3;µS/cm;Cond;-0.1;°C;Temp;;;C = 0.475 1/cm   Tref25   nLF;TetraCon 925-P; 16201701;
Multi 3620 IDS; 22490970;4;20.08.2026 10:29:58;42.9;µS/cm;Cond;-0.1;°C;Temp;;;C = 0.475 1/cm   Tref25   nLF;TetraCon 925-P; 16201701;
Multi 3620 IDS; 22490970;4;20.08.2026 10:29:59;43.0;µS/cm;Cond;-0.1;°C;Temp;;;C = 0.475 1/cm   Tref25   nLF;TetraCon 925-P; 16201701;
Multi 3620 IDS; 22490970;4;20.08.2026 10:30:00;43.1;µS/cm;Cond;-0.1;°C;Temp;;;C = 0.475 1/cm   Tref25   nLF;TetraCon 925-P; 16201701;
Multi 3620 IDS; 22490970;4;20.08.2026 10:30:01;43.2;µS/cm;Cond;-0.1;°C;Temp;;;C = 0.475 1/cm   Tref25   nLF;TetraCon 925-P; 16201701;
Multi 3620 IDS; 22490970;4;20.08.2026 10:30:02;43.4;µS/cm;Cond;-0.1;°C;Temp;AR;;C = 0.475 1/cm   Tref25   nLF;TetraCon 925-P; 16201701;
Multi 3620 IDS; 22490970;4;20.08.2026 10:30:03;42.5;µS/cm;Cond;-0.1;°C;Temp;;;C = 0.475 1/cm   Tref25   nLF;TetraCon 925-P; 16201701;
Multi 3620 IDS; 22490970;4;20.08.2026 10:30:04;41.8;µS/cm;Cond;-0.1;°C;Temp;;;C = 0.475 1/cm   Tref25   nLF;TetraCon 925-P; 16201701;
Multi 3620 IDS; 22490970;4;20.08.2026 10:30:05;41.4;µS/cm;Cond;-0.1;°C;Temp;;;C = 0.475 1/cm   Tref25   nLF;TetraCon 925-P; 16201701;
Multi 3620 IDS; 22490970;4;20.08.2026 10:30:06;41.4;µS/cm;Cond;-0.1;°C;Temp;;;C = 0.475 1/cm   Tref25   nLF;TetraCon 925-P; 16201701;
Multi 3620 IDS; 22490970;4;20.08.2026 10:30:07;40.9;µS/cm;Cond;-0.1;°C;Temp;;;C = 0.475 1/cm   Tref25   nLF;TetraCon 925-P; 16201701;
Multi 3620 IDS; 22490970;4;20.08.2026 10:30:08;40.5;µS/cm;Cond;-0.1;°C;Temp;;;C = 0.475 1/cm   Tref25   nLF;TetraCon 925-P; 16201701;
Multi 3620 IDS; 22490970;4;20.08.2026 10:30:09;39.4;µS/cm;Cond;-0.1;°C;Temp;;;C = 0.475 1/cm   Tref25   nLF;TetraCon 925-P; 16201701;
Multi 3620 IDS; 22490970;4;20.08.2026 10:30:10;38.4;µS/cm;Cond;-0.1;°C;Temp;;;C = 0.475 1/cm   Tref25   nLF;TetraCon 925-P; 16201701;
Multi 3620 IDS; 22490970;4;20.08.2026 10:30:11;37.4;µS/cm;Cond;-0.1;°C;Temp;;;C = 0.475 1/cm   Tref25   nLF;TetraCon 925-P; 16201701;
Multi 3620 IDS; 22490970;4;20.08.2026 10:30:12;36.5;µS/cm;Cond;-0.1;°C;Temp;;;C = 0.475 1/cm   Tref25   nLF;TetraCon 925-P; 16201701;
Multi 3620 IDS; 22490970;4;20.08.2026 10:30:13;35.9;µS/cm;Cond;-0.1;°C;Temp;;;C = 0.475 1/cm   Tref25   nLF;TetraCon 925-P; 16201701;
Multi 3620 IDS; 22490970;4;20.08.2026 10:30:14;35.3;µS/cm;Cond;-0.1;°C;Temp;;;C = 0.475 1/cm   Tref25   nLF;TetraCon 925-P; 16201701;
Multi 3620 IDS; 22490970;4;20.08.2026 10:30:15;34.6;µS/cm;Cond;-0.1;°C;Temp;;;C = 0.475 1/cm   Tref25   nLF;TetraCon 925-P; 16201701;
Multi 3620 IDS; 22490970;4;20.08.2026 10:30:16;33.8;µS/cm;Cond;-0.1;°C;Temp;;;C = 0.475 1/cm   Tref25   nLF;TetraCon 925-P; 16201701;
Multi 3620 IDS; 22490970;4;20.08.2026 10:30:17;32.9;µS/cm;Cond;-0.1;°C;Temp;;;C = 0.475 1/cm   Tref25   nLF;TetraCon 925-P; 16201701;
Multi 3620 IDS; 22490970;4;20.08.2026 10:30:18;31.0;µS/cm;Cond;-0.1;°C;Temp;;;C = 0.475 1/cm   Tref25   nLF;TetraCon 925-P; 16201701;
Multi 3620 IDS; 22490970;4;20.08.2026 10:30:19;29.3;µS/cm;Cond;-0.1;°C;Temp;;;C = 0.475 1/cm   Tref25   nLF;TetraCon 925-P; 16201701;
Multi 3620 IDS; 22490970;4;20.08.2026 10:30:20;28.7;µS/cm;Cond;-0.1;°C;Temp;;;C = 0.475 1/cm   Tref25   nLF;TetraCon 925-P; 16201701;
Multi 3620 IDS; 22490970;4;20.08.2026 10:30:21;27.6;µS/cm;Cond;-0.1;°C;Temp;;;C = 0.475 1/cm   Tref25   nLF;TetraCon 925-P; 16201701;
Multi 3620 IDS; 22490970;4;20.08.2026 10:30:22;27.0;µS/cm;Cond;-0.1;°C;Temp;;;C = 0.475 1/cm   Tref25   nLF;TetraCon 925-P; 16201701;
Multi 3620 IDS; 22490970;4;20.08.2026 10:30:23;26.5;µS/cm;Cond;-0.1;°C;Temp;;;C = 0.475 1/cm   Tref25   nLF;TetraCon 925-P; 16201701;
Multi 3620 IDS; 22490970;4;20.08.2026 10:30:24;26.1;µS/cm;Cond;-0.1;°C;Temp;;;C = 0.475 1/cm   Tref25   nLF;TetraCon 925-P; 16201701;
Multi 3620 IDS; 22490970;4;20.08.2026 10:30:25;24.9;µS/cm;Cond;-0.1;°C;Temp;;;C = 0.475 1/cm   Tref25   nLF;TetraCon 925-P; 16201701;
Multi 3620 IDS; 22490970;4;20.08.2026 10:30:26;24.3;µS/cm;Cond;-0.1;°C;Temp;;;C = 0.475 1/cm   Tref25   nLF;TetraCon 925-P; 16201701;
Multi 3620 IDS; 22490970;4;20.08.2026 10:30:27;23.2;µS/cm;Cond;-0.1;°C;Temp;;;C = 0.475 1/cm   Tref25   nLF;TetraCon 925-P; 16201701;
Multi 3620 IDS; 22490970;4;20.08.2026 10:30:28;22.0;µS/cm;Cond;-0.1;°C;Temp;;;C = 0.475 1/cm   Tref25   nLF;TetraCon 925-P; 16201701;
Multi 3620 IDS; 22490970;4;20.08.2026 10:30:29;21.3;µS/cm;Cond;-0.1;°C;Temp;;;C = 0.475 1/cm   Tref25   nLF;TetraCon 925-P; 16201701;
Multi 3620 IDS; 22490970;4;20.08.2026 10:30:30;20.6;µS/cm;Cond;-0.1;°C;Temp;;;C = 0.475 1/cm   Tref25   nLF;TetraCon 925-P; 16201701;
Multi 3620 IDS; 22490970;4;20.08.2026 10:30:31;19.6;µS/cm;Cond;-0.1;°C;Temp;;;C = 0.475 1/cm   Tref25   nLF;TetraCon 925-P; 16201701;
Multi 3620 IDS; 22490970;4;20.08.2026 10:30:32;19.3;µS/cm;Cond;-0.1;°C;Temp;;;C = 0.475 1/cm   Tref25   nLF;TetraCon 925-P; 16201701;
Multi 3620 IDS; 22490970;4;20.08.2026 10:30:33;18.2;µS/cm;Cond;-0.1;°C;Temp;;;C = 0.475 1/cm   Tref25   nLF;TetraCon 925-P; 16201701;
Multi 3620 IDS; 22490970;4;20.08.2026 10:30:34;16.9;µS/cm;Cond;-0.1;°C;Temp;;;C = 0.475 1/cm   Tref25   nLF;TetraCon 925-P; 16201701;
Multi 3620 IDS; 22490970;4;20.08.2026 10:30:35;16.1;µS/cm;Cond;-0.1;°C;Temp;;;C = 0.475 1/cm   Tref25   nLF;TetraCon 925-P; 16201701;
Multi 3620 IDS; 22490970;4;20.08.2026 10:30:36;15.8;µS/cm;Cond;-0.1;°C;Temp;;;C = 0.475 1/cm   Tref25   nLF;TetraCon 925-P; 16201701;
Multi 3620 IDS; 22490970;4;20.08.2026 10:30:37;15.0;µS/cm;Cond;-0.1;°C;Temp;;;C = 0.475 1/cm   Tref25   nLF;TetraCon 925-P; 16201701;
Multi 3620 IDS; 22490970;4;20.08.2026 10:30:38;14.7;µS/cm;Cond;-0.1;°C;Temp;;;C = 0.475 1/cm   Tref25   nLF;TetraCon 925-P; 16201701;
Multi 3620 IDS; 22490970;4;20.08.2026 10:30:39;14.4;µS/cm;Cond;-0.1;°C;Temp;;;C = 0.475 1/cm   Tref25   nLF;TetraCon 925-P; 16201701;
Multi 3620 IDS; 22490970;4;20.08.2026 10:30:40;14.1;µS/cm;Cond;-0.1;°C;Temp;;;C = 0.475 1/cm   Tref25   nLF;TetraCon 925-P; 16201701;
Multi 3620 IDS; 22490970;4;20.08.2026 10:30:41;13.7;µS/cm;Cond;-0.1;°C;Temp;;;C = 0.475 1/cm   Tref25   nLF;TetraCon 925-P; 16201701;
Multi 3620 IDS; 22490970;4;20.08.2026 10:30:42;13.7;µS/cm;Cond;-0.1;°C;Temp;;;C = 0.475 1/cm   Tref25   nLF;TetraCon 925-P; 16201701;
Multi 3620 IDS; 22490970;4;20.08.2026 10:30:43;12.5;µS/cm;Cond;-0.1;°C;Temp;;;C = 0.475 1/cm   Tref25   nLF;TetraCon 925-P; 16201701;
Multi 3620 IDS; 22490970;4;20.08.2026 10:30:44;11.1;µS/cm;Cond;-0.1;°C;Temp;;;C = 0.475 1/cm   Tref25   nLF;TetraCon 925-P; 16201701;
Multi 3620 IDS; 22490970;4;20.08.2026 10:30:45;11.4;µS/cm;Cond;-0.1;°C;Temp;;;C = 0.475 1/cm   Tref25   nLF;TetraCon 925-P; 16201701;
Multi 3620 IDS; 22490970;4;20.08.2026 10:30:46;10.8;µS/cm;Cond;-0.1;°C;Temp;;;C = 0.475 1/cm   Tref25   nLF;TetraCon 925-P; 16201701;
Multi 3620 IDS; 22490970;4;20.08.2026 10:30:47;10.1;µS/cm;Cond;-0.1;°C;Temp;;;C = 0.475 1/cm   Tref25   nLF;TetraCon 925-P; 16201701;
Multi 3620 IDS; 22490970;4;20.08.2026 10:30:48;9.7;µS/cm;Cond;-0.1;°C;Temp;;;C = 0.475 1/cm   Tref25   nLF;TetraCon 925-P; 16201701;
Multi 3620 IDS; 22490970;4;20.08.2026 10:30:49;9.5;µS/cm;Cond;-0.1;°C;Temp;;;C = 0.475 1/cm   Tref25   nLF;TetraCon 925-P; 16201701;
Multi 3620 IDS; 22490970;4;20.08.2026 10:30:50;9.4;µS/cm;Cond;-0.1;°C;Temp;;;C = 0.475 1/cm   Tref25   nLF;TetraCon 925-P; 16201701;
Multi 3620 IDS; 22490970;4;20.08.2026 10:30:51;9.1;µS/cm;Cond;-0.1;°C;Temp;;;C = 0.475 1/cm   Tref25   nLF;TetraCon 925-P; 16201701;
Multi 3620 IDS; 22490970;4;20.08.2026 10:30:52;8.5;µS/cm;Cond;-0.1;°C;Temp;;;C = 0.475 1/cm   Tref25   nLF;TetraCon 925-P; 16201701;
Multi 3620 IDS; 22490970;4;20.08.2026 10:30:53;8.1;µS/cm;Cond;-0.1;°C;Temp;;;C = 0.475 1/cm   Tref25   nLF;TetraCon 925-P; 16201701;
Multi 3620 IDS; 22490970;4;20.08.2026 10:30:54;8.0;µS/cm;Cond;-0.1;°C;Temp;;;C = 0.475 1/cm   Tref25   nLF;TetraCon 925-P; 16201701;
Multi 3620 IDS; 22490970;4;20.08.2026 10:30:55;7.9;µS/cm;Cond;-0.1;°C;Temp;;;C = 0.475 1/cm   Tref25   nLF;TetraCon 925-P; 16201701;
Multi 3620 IDS; 22490970;4;20.08.2026 10:30:56;7.7;µS/cm;Cond;-0.1;°C;Temp;;;C = 0.475 1/cm   Tref25   nLF;TetraCon 925-P; 16201701;
Multi 3620 IDS; 22490970;4;20.08.2026 10:30:57;7.4;µS/cm;Cond;-0.1;°C;Temp;;;C = 0.475 1/cm   Tref25   nLF;TetraCon 925-P; 16201701;
Multi 3620 IDS; 22490970;4;20.08.2026 10:30:58;7.2;µS/cm;Cond;-0.1;°C;Temp;;;C = 0.475 1/cm   Tref25   nLF;TetraCon 925-P; 16201701;
Multi 3620 IDS; 22490970;4;20.08.2026 10:30:59;6.9;µS/cm;Cond;-0.1;°C;Temp;;;C = 0.475 1/cm   Tref25   nLF;TetraCon 925-P; 16201701;
Multi 3620 IDS; 22490970;4;20.08.2026 10:31:00;6.6;µS/cm;Cond;-0.1;°C;Temp;;;C = 0.475 1/cm   Tref25   nLF;TetraCon 925-P; 16201701;
Multi 3620 IDS; 22490970;4;20.08.2026 10:31:01;6.4;µS/cm;Cond;-0.1;°C;Temp;;;C = 0.475 1/cm   Tref25   nLF;TetraCon 925-P; 16201701;
Multi 3620 IDS; 22490970;4;20.08.2026 10:31:02;6.2;µS/cm;Cond;-0.1;°C;Temp;;;C = 0.475 1/cm   Tref25   nLF;TetraCon 925-P; 16201701;
Multi 3620 IDS; 22490970;4;20.08.2026 10:31:03;6.1;µS/cm;Cond;-0.1;°C;Temp;;;C = 0.475 1/cm   Tref25   nLF;TetraCon 925-P; 16201701;
Multi 3620 IDS; 22490970;4;20.08.2026 10:31:04;5.7;µS/cm;Cond;-0.1;°C;Temp;;;C = 0.475 1/cm   Tref25   nLF;TetraCon 925-P; 16201701;
Multi 3620 IDS; 22490970;4;20.08.2026 10:31:05;5.5;µS/cm;Cond;-0.1;°C;Temp;;;C = 0.475 1/cm   Tref25   nLF;TetraCon 925-P; 16201701;
Multi 3620 IDS; 22490970;4;20.08.2026 10:31:06;5.4;µS/cm;Cond;-0.1;°C;Temp;;;C = 0.475 1/cm   Tref25   nLF;TetraCon 925-P; 16201701;
Multi 3620 IDS; 22490970;4;20.08.2026 10:31:07;5.4;µS/cm;Cond;-0.1;°C;Temp;;;C = 0.475 1/cm   Tref25   nLF;TetraCon 925-P; 16201701;
Multi 3620 IDS; 22490970;4;20.08.2026 10:31:08;5.2;µS/cm;Cond;-0.1;°C;Temp;;;C = 0.475 1/cm   Tref25   nLF;TetraCon 925-P; 16201701;
Multi 3620 IDS; 22490970;4;20.08.2026 10:31:09;5.1;µS/cm;Cond;-0.1;°C;Temp;;;C = 0.475 1/cm   Tref25   nLF;TetraCon 925-P; 16201701;
Multi 3620 IDS; 22490970;4;20.08.2026 10:31:10;5.0;µS/cm;Cond;-0.1;°C;Temp;;;C = 0.475 1/cm   Tref25   nLF;TetraCon 925-P; 16201701;
Multi 3620 IDS; 22490970;4;20.08.2026 10:31:11;4.8;µS/cm;Cond;-0.1;°C;Temp;;;C = 0.475 1/cm   Tref25   nLF;TetraCon 925-P; 16201701;
Multi 3620 IDS; 22490970;4;20.08.2026 10:31:12;4.7;µS/cm;Cond;-0.1;°C;Temp;;;C = 0.475 1/cm   Tref25   nLF;TetraCon 925-P; 16201701;
Multi 3620 IDS; 22490970;4;20.08.2026 10:31:13;4.5;µS/cm;Cond;-0.1;°C;Temp;;;C = 0.475 1/cm   Tref25   nLF;TetraCon 925-P; 16201701;
Multi 3620 IDS; 22490970;4;20.08.2026 10:31:14;4.4;µS/cm;Cond;-0.1;°C;Temp;;;C = 0.475 1/cm   Tref25   nLF;TetraCon 925-P; 16201701;
Multi 3620 IDS; 22490970;4;20.08.2026 10:31:15;4.3;µS/cm;Cond;-0.1;°C;Temp;;;C = 0.475 1/cm   Tref25   nLF;TetraCon 925-P; 16201701;
Multi 3620 IDS; 22490970;4;20.08.2026 10:31:16;4.3;µS/cm;Cond;-0.1;°C;Temp;;;C = 0.475 1/cm   Tref25   nLF;TetraCon 925-P; 16201701;
Multi 3620 IDS; 22490970;4;20.08.2026 10:31:17;4.2;µS/cm;Cond;-0.1;°C;Temp;;;C = 0.475 1/cm   Tref25   nLF;TetraCon 925-P; 16201701;
Multi 3620 IDS; 22490970;4;20.08.2026 10:31:18;4.1;µS/cm;Cond;-0.1;°C;Temp;;;C = 0.475 1/cm   Tref25   nLF;TetraCon 925-P; 16201701;
Multi 3620 IDS; 22490970;4;20.08.2026 10:31:19;3.9;µS/cm;Cond;-0.1;°C;Temp;;;C = 0.475 1/cm   Tref25   nLF;TetraCon 925-P; 16201701;
Multi 3620 IDS; 22490970;4;20.08.2026 10:31:20;3.9;µS/cm;Cond;-0.1;°C;Temp;;;C = 0.475 1/cm   Tref25   nLF;TetraCon 925-P; 16201701;
Multi 3620 IDS; 22490970;4;20.08.2026 10:31:21;3.9;µS/cm;Cond;-0.1;°C;Temp;;;C = 0.475 1/cm   Tref25   nLF;TetraCon 925-P; 16201701;
Multi 3620 IDS; 22490970;4;20.08.2026 10:31:22;3.8;µS/cm;Cond;-0.1;°C;Temp;;;C = 0.475 1/cm   Tref25   nLF;TetraCon 925-P; 16201701;
Multi 3620 IDS; 22490970;4;20.08.2026 10:31:23;3.7;µS/cm;Cond;-0.1;°C;Temp;;;C = 0.475 1/cm   Tref25   nLF;TetraCon 925-P; 16201701;
Multi 3620 IDS; 22490970;4;20.08.2026 10:31:24;3.6;µS/cm;Cond;-0.1;°C;Temp;;;C = 0.475 1/cm   Tref25   nLF;TetraCon 925-P; 16201701;
Multi 3620 IDS; 22490970;4;20.08.2026 10:31:25;3.5;µS/cm;Cond;-0.1;°C;Temp;;;C = 0.475 1/cm   Tref25   nLF;TetraCon 925-P; 16201701;
Multi 3620 IDS; 22490970;4;20.08.2026 10:31:26;3.5;µS/cm;Cond;-0.1;°C;Temp;;;C = 0.475 1/cm   Tref25   nLF;TetraCon 925-P; 16201701;
Multi 3620 IDS; 22490970;4;20.08.2026 10:31:27;3.4;µS/cm;Cond;-0.1;°C;Temp;;;C = 0.475 1/cm   Tref25   nLF;TetraCon 925-P; 16201701;
Multi 3620 IDS; 22490970;4;20.08.2026 10:31:28;3.3;µS/cm;Cond;-0.1;°C;Temp;;;C = 0.475 1/cm   Tref25   nLF;TetraCon 925-P; 16201701;
Multi 3620 IDS; 22490970;4;20.08.2026 10:31:29;3.2;µS/cm;Cond;-0.1;°C;Temp;;;C = 0.475 1/cm   Tref25   nLF;TetraCon 925-P; 16201701;
Multi 3620 IDS; 22490970;4;20.08.2026 10:31:30;3.1;µS/cm;Cond;-0.1;°C;Temp;;;C = 0.475 1/cm   Tref25   nLF;TetraCon 925-P; 16201701;
Multi 3620 IDS; 22490970;4;20.08.2026 10:31:31;3.1;µS/cm;Cond;-0.1;°C;Temp;;;C = 0.475 1/cm   Tref25   nLF;TetraCon 925-P; 16201701;
Multi 3620 IDS; 22490970;4;20.08.2026 10:31:32;3.1;µS/cm;Cond;-0.1;°C;Temp;;;C = 0.475 1/cm   Tref25   nLF;TetraCon 925-P; 16201701;
Multi 3620 IDS; 22490970;4;20.08.2026 10:31:33;3.1;µS/cm;Cond;-0.1;°C;Temp;;;C = 0.475 1/cm   Tref25   nLF;TetraCon 925-P; 16201701;
Multi 3620 IDS; 22490970;4;20.08.2026 10:31:34;3.0;µS/cm;Cond;-0.1;°C;Temp;;;C = 0.475 1/cm   Tref25   nLF;TetraCon 925-P; 16201701;
Multi 3620 IDS; 22490970;4;20.08.2026 10:31:35;3.0;µS/cm;Cond;-0.1;°C;Temp;;;C = 0.475 1/cm   Tref25   nLF;TetraCon 925-P; 16201701;
Multi 3620 IDS; 22490970;4;20.08.2026 10:31:36;3.0;µS/cm;Cond;-0.1;°C;Temp;;;C = 0.475 1/cm   Tref25   nLF;TetraCon 925-P; 16201701;
Multi 3620 IDS; 22490970;4;20.08.2026 10:31:37;2.9;µS/cm;Cond;-0.1;°C;Temp;;;C = 0.475 1/cm   Tref25   nLF;TetraCon 925-P; 16201701;
Multi 3620 IDS; 22490970;4;20.08.2026 10:31:38;2.9;µS/cm;Cond;-0.1;°C;Temp;;;C = 0.475 1/cm   Tref25   nLF;TetraCon 925-P; 16201701;
Multi 3620 IDS; 22490970;4;20.08.2026 10:31:39;2.9;µS/cm;Cond;-0.1;°C;Temp;;;C = 0.475 1/cm   Tref25   nLF;TetraCon 925-P; 16201701;
Multi 3620 IDS; 22490970;4;20.08.2026 10:31:40;2.9;µS/cm;Cond;-0.1;°C;Temp;;;C = 0.475 1/cm   Tref25   nLF;TetraCon 925-P; 16201701;
Multi 3620 IDS; 22490970;4;20.08.2026 10:31:41;2.8;µS/cm;Cond;-0.1;°C;Temp;;;C = 0.475 1/cm   Tref25   nLF;TetraCon 925-P; 16201701;
Multi 3620 IDS; 22490970;4;20.08.2026 10:31:42;2.8;µS/cm;Cond;-0.1;°C;Temp;;;C = 0.475 1/cm   Tref25   nLF;TetraCon 925-P; 16201701;
Multi 3620 IDS; 22490970;4;20.08.2026 10:31:43;2.7;µS/cm;Cond;-0.1;°C;Temp;;;C = 0.475 1/cm   Tref25   nLF;TetraCon 925-P; 16201701;
Multi 3620 IDS; 22490970;4;20.08.2026 10:31:44;2.7;µS/cm;Cond;-0.1;°C;Temp;;;C = 0.475 1/cm   Tref25   nLF;TetraCon 925-P; 16201701;
Multi 3620 IDS; 22490970;4;20.08.2026 10:31:45;2.7;µS/cm;Cond;-0.1;°C;Temp;;;C = 0.475 1/cm   Tref25   nLF;TetraCon 925-P; 16201701;
Multi 3620 IDS; 22490970;4;20.08.2026 10:31:46;2.6;µS/cm;Cond;-0.1;°C;Temp;;;C = 0.475 1/cm   Tref25   nLF;TetraCon 925-P; 16201701;
Multi 3620 IDS; 22490970;4;20.08.2026 10:31:47;2.6;µS/cm;Cond;-0.1;°C;Temp;;;C = 0.475 1/cm   Tref25   nLF;TetraCon 925-P; 16201701;
Multi 3620 IDS; 22490970;4;20.08.2026 10:31:48;2.6;µS/cm;Cond;-0.1;°C;Temp;;;C = 0.475 1/cm   Tref25   nLF;TetraCon 925-P; 16201701;
Multi 3620 IDS; 22490970;4;20.08.2026 10:31:49;2.6;µS/cm;Cond;-0.1;°C;Temp;;;C = 0.475 1/cm   Tref25   nLF;TetraCon 925-P; 16201701;
Multi 3620 IDS; 22490970;4;20.08.2026 10:31:50;2.6;µS/cm;Cond;-0.1;°C;Temp;;;C = 0.475 1/cm   Tref25   nLF;TetraCon 925-P; 16201701;
Multi 3620 IDS; 22490970;4;20.08.2026 10:31:51;2.6;µS/cm;Cond;-0.1;°C;Temp;;;C = 0.475 1/cm   Tref25   nLF;TetraCon 925-P; 16201701;
Multi 3620 IDS; 22490970;4;20.08.2026 10:31:52;2.5;µS/cm;Cond;-0.1;°C;Temp;;;C = 0.475 1/cm   Tref25   nLF;TetraCon 925-P; 16201701;
Multi 3620 IDS; 22490970;4;20.08.2026 10:31:53;2.5;µS/cm;Cond;-0.1;°C;Temp;;;C = 0.475 1/cm   Tref25   nLF;TetraCon 925-P; 16201701;
Multi 3620 IDS; 22490970;4;20.08.2026 10:31:54;2.5;µS/cm;Cond;-0.1;°C;Temp;;;C = 0.475 1/cm   Tref25   nLF;TetraCon 925-P; 16201701;
Multi 3620 IDS; 22490970;4;20.08.2026 10:31:55;2.5;µS/cm;Cond;-0.1;°C;Temp;;;C = 0.475 1/cm   Tref25   nLF;TetraCon 925-P; 16201701;
Multi 3620 IDS; 22490970;4;20.08.2026 10:31:56;2.4;µS/cm;Cond;-0.1;°C;Temp;;;C = 0.475 1/cm   Tref25   nLF;TetraCon 925-P; 16201701;
Multi 3620 IDS; 22490970;4;20.08.2026 10:31:57;2.4;µS/cm;Cond;-0.1;°C;Temp;;;C = 0.475 1/cm   Tref25   nLF;TetraCon 925-P; 16201701;
Multi 3620 IDS; 22490970;4;20.08.2026 10:31:58;2.4;µS/cm;Cond;-0.1;°C;Temp;;;C = 0.475 1/cm   Tref25   nLF;TetraCon 925-P; 16201701;
Multi 3620 IDS; 22490970;4;20.08.2026 10:31:59;2.4;µS/cm;Cond;-0.1;°C;Temp;;;C = 0.475 1/cm   Tref25   nLF;TetraCon 925-P; 16201701;
Multi 3620 IDS; 22490970;4;20.08.2026 10:32:00;2.4;µS/cm;Cond;-0.1;°C;Temp;;;C = 0.475 1/cm   Tref25   nLF;TetraCon 925-P; 16201701;
Multi 3620 IDS; 22490970;4;20.08.2026 10:32:01;2.4;µS/cm;Cond;-0.1;°C;Temp;;;C = 0.475 1/cm   Tref25   nLF;TetraCon 925-P; 16201701;
Multi 3620 IDS; 22490970;4;20.08.2026 10:32:02;2.3;µS/cm;Cond;-0.1;°C;Temp;;;C = 0.475 1/cm   Tref25   nLF;TetraCon 925-P; 16201701;
Multi 3620 IDS; 22490970;4;20.08.2026 10:32:03;2.3;µS/cm;Cond;-0.1;°C;Temp;;;C = 0.475 1/cm   Tref25   nLF;TetraCon 925-P; 16201701;
Multi 3620 IDS; 22490970;4;20.08.2026 10:32:04;2.3;µS/cm;Cond;-0.1;°C;Temp;;;C = 0.475 1/cm   Tref25   nLF;TetraCon 925-P; 16201701;
Multi 3620 IDS; 22490970;4;20.08.2026 10:32:05;2.3;µS/cm;Cond;-0.1;°C;Temp;;;C = 0.475 1/cm   Tref25   nLF;TetraCon 925-P; 16201701;
Multi 3620 IDS; 22490970;4;20.08.2026 10:32:06;2.3;µS/cm;Cond;-0.1;°C;Temp;;;C = 0.475 1/cm   Tref25   nLF;TetraCon 925-P; 16201701;
Multi 3620 IDS; 22490970;4;20.08.2026 10:32:07;2.3;µS/cm;Cond;-0.1;°C;Temp;;;C = 0.475 1/cm   Tref25   nLF;TetraCon 925-P; 16201701;
Multi 3620 IDS; 22490970;4;20.08.2026 10:32:08;2.3;µS/cm;Cond;-0.1;°C;Temp;;;C = 0.475 1/cm   Tref25   nLF;TetraCon 925-P; 16201701;
Multi 3620 IDS; 22490970;4;20.08.2026 10:32:09;2.3;µS/cm;Cond;-0.1;°C;Temp;;;C = 0.475 1/cm   Tref25   nLF;TetraCon 925-P; 16201701;
Multi 3620 IDS; 22490970;4;20.08.2026 10:32:10;2.2;µS/cm;Cond;-0.1;°C;Temp;;;C = 0.475 1/cm   Tref25   nLF;TetraCon 925-P; 16201701;
Multi 3620 IDS; 22490970;4;20.08.2026 10:32:11;2.2;µS/cm;Cond;-0.1;°C;Temp;;;C = 0.475 1/cm   Tref25   nLF;TetraCon 925-P; 16201701;
Multi 3620 IDS; 22490970;4;20.08.2026 10:32:12;2.2;µS/cm;Cond;-0.1;°C;Temp;;;C = 0.475 1/cm   Tref25   nLF;TetraCon 925-P; 16201701;
Multi 3620 IDS; 22490970;4;20.08.2026 10:32:13;2.2;µS/cm;Cond;-0.1;°C;Temp;;;C = 0.475 1/cm   Tref25   nLF;TetraCon 925-P; 16201701;
Multi 3620 IDS; 22490970;4;20.08.2026 10:32:14;2.2;µS/cm;Cond;-0.1;°C;Temp;;;C = 0.475 1/cm   Tref25   nLF;TetraCon 925-P; 16201701;
Multi 3620 IDS; 22490970;4;20.08.2026 10:32:15;2.2;µS/cm;Cond;-0.1;°C;Temp;;;C = 0.475 1/cm   Tref25   nLF;TetraCon 925-P; 16201701;
Multi 3620 IDS; 22490970;4;20.08.2026 10:32:16;2.2;µS/cm;Cond;-0.1;°C;Temp;;;C = 0.475 1/cm   Tref25   nLF;TetraCon 925-P; 16201701;
Multi 3620 IDS; 22490970;4;20.08.2026 10:32:17;2.2;µS/cm;Cond;-0.1;°C;Temp;AR;;C = 0.475 1/cm   Tref25   nLF;TetraCon 925-P; 16201701;
Multi 3620 IDS; 22490970;4;20.08.2026 10:32:18;2.2;µS/cm;Cond;-0.1;°C;Temp;AR;;C = 0.475 1/cm   Tref25   nLF;TetraCon 925-P; 16201701;
Multi 3620 IDS; 22490970;4;20.08.2026 10:32:19;2.1;µS/cm;Cond;-0.1;°C;Temp;AR;;C = 0.475 1/cm   Tref25   nLF;TetraCon 925-P; 16201701;
Multi 3620 IDS; 22490970;4;20.08.2026 10:32:20;2.1;µS/cm;Cond;-0.1;°C;Temp;AR;;C = 0.475 1/cm   Tref25   nLF;TetraCon 925-P; 16201701;
Multi 3620 IDS; 22490970;4;20.08.2026 10:32:21;2.1;µS/cm;Cond;-0.1;°C;Temp;AR;;C = 0.475 1/cm   Tref25   nLF;TetraCon 925-P; 16201701;
Multi 3620 IDS; 22490970;4;20.08.2026 10:32:22;2.1;µS/cm;Cond;-0.1;°C;Temp;AR;;C = 0.475 1/cm   Tref25   nLF;TetraCon 925-P; 16201701;
Multi 3620 IDS; 22490970;4;20.08.2026 10:32:23;2.1;µS/cm;Cond;-0.1;°C;Temp;AR;;C = 0.475 1/cm   Tref25   nLF;TetraCon 925-P; 16201701;
Multi 3620 IDS; 22490970;4;20.08.2026 10:32:24;2.1;µS/cm;Cond;-0.1;°C;Temp;AR;;C = 0.475 1/cm   Tref25   nLF;TetraCon 925-P; 16201701;
Multi 3620 IDS; 22490970;4;20.08.2026 10:32:25;2.1;µS/cm;Cond;-0.1;°C;Temp;AR;;C = 0.475 1/cm   Tref25   nLF;TetraCon 925-P; 16201701;
Multi 3620 IDS; 22490970;4;20.08.2026 10:32:26;2.1;µS/cm;Cond;-0.1;°C;Temp;AR;;C = 0.475 1/cm   Tref25   nLF;TetraCon 925-P; 16201701;
Multi 3620 IDS; 22490970;4;20.08.2026 10:32:27;2.1;µS/cm;Cond;-0.1;°C;Temp;AR;;C = 0.475 1/cm   Tref25   nLF;TetraCon 925-P; 16201701;
Multi 3620 IDS; 22490970;4;20.08.2026 10:32:28;2.1;µS/cm;Cond;-0.1;°C;Temp;AR;;C = 0.475 1/cm   Tref25   nLF;TetraCon 925-P; 16201701;
Multi 3620 IDS; 22490970;4;20.08.2026 10:32:29;2.1;µS/cm;Cond;-0.1;°C;Temp;AR;;C = 0.475 1/cm   Tref25   nLF;TetraCon 925-P; 16201701;
Multi 3620 IDS; 22490970;4;20.08.2026 10:32:30;2.1;µS/cm;Cond;-0.1;°C;Temp;AR;;C = 0.475 1/cm   Tref25   nLF;TetraCon 925-P; 16201701;
Multi 3620 IDS; 22490970;4;20.08.2026 10:32:31;2.1;µS/cm;Cond;-0.1;°C;Temp;AR;;C = 0.475 1/cm   Tref25   nLF;TetraCon 925-P; 16201701;
Multi 3620 IDS; 22490970;4;20.08.2026 10:32:32;2.0;µS/cm;Cond;-0.1;°C;Temp;AR;;C = 0.475 1/cm   Tref25   nLF;TetraCon 925-P; 16201701;
Multi 3620 IDS; 22490970;4;20.08.2026 10:32:33;2.0;µS/cm;Cond;-0.1;°C;Temp;AR;;C = 0.475 1/cm   Tref25   nLF;TetraCon 925-P; 16201701;
Multi 3620 IDS; 22490970;4;20.08.2026 10:32:34;2.0;µS/cm;Cond;-0.1;°C;Temp;AR;;C = 0.475 1/cm   Tref25   nLF;TetraCon 925-P; 16201701;
Multi 3620 IDS; 22490970;4;20.08.2026 10:32:35;2.0;µS/cm;Cond;-0.1;°C;Temp;AR;;C = 0.475 1/cm   Tref25   nLF;TetraCon 925-P; 16201701;
Multi 3620 IDS; 22490970;4;20.08.2026 10:32:36;2.0;µS/cm;Cond;-0.1;°C;Temp;AR;;C = 0.475 1/cm   Tref25   nLF;TetraCon 925-P; 16201701;
Multi 3620 IDS; 22490970;4;20.08.2026 10:32:37;2.0;µS/cm;Cond;-0.1;°C;Temp;AR;;C = 0.475 1/cm   Tref25   nLF;TetraCon 925-P; 16201701;
Multi 3620 IDS; 22490970;4;20.08.2026 10:32:38;2.0;µS/cm;Cond;-0.1;°C;Temp;AR;;C = 0.475 1/cm   Tref25   nLF;TetraCon 925-P; 16201701;
Multi 3620 IDS; 22490970;4;20.08.2026 10:32:39;2.0;µS/cm;Cond;-0.1;°C;Temp;AR;;C = 0.475 1/cm   Tref25   nLF;TetraCon 925-P; 16201701;
Multi 3620 IDS; 22490970;4;20.08.2026 10:32:40;2.0;µS/cm;Cond;-0.1;°C;Temp;AR;;C = 0.475 1/cm   Tref25   nLF;TetraCon 925-P; 16201701;
Multi 3620 IDS; 22490970;4;20.08.2026 10:32:41;2.0;µS/cm;Cond;-0.1;°C;Temp;AR;;C = 0.475 1/cm   Tref25   nLF;TetraCon 925-P; 16201701;
Multi 3620 IDS; 22490970;4;20.08.2026 10:32:42;2.0;µS/cm;Cond;-0.1;°C;Temp;AR;;C = 0.475 1/cm   Tref25   nLF;TetraCon 925-P; 16201701;
Multi 3620 IDS; 22490970;4;20.08.2026 10:32:43;2.0;µS/cm;Cond;-0.1;°C;Temp;AR;;C = 0.475 1/cm   Tref25   nLF;TetraCon 925-P; 16201701;
Multi 3620 IDS; 22490970;4;20.08.2026 10:32:44;2.0;µS/cm;Cond;-0.1;°C;Temp;AR;;C = 0.475 1/cm   Tref25   nLF;TetraCon 925-P; 16201701;
Multi 3620 IDS; 22490970;4;20.08.2026 10:32:45;2.0;µS/cm;Cond;-0.1;°C;Temp;AR;;C = 0.475 1/cm   Tref25   nLF;TetraCon 925-P; 16201701;
Multi 3620 IDS; 22490970;4;20.08.2026 10:32:46;2.0;µS/cm;Cond;-0.1;°C;Temp;AR;;C = 0.475 1/cm   Tref25   nLF;TetraCon 925-P; 16201701;
Multi 3620 IDS; 22490970;4;20.08.2026 10:32:47;2.0;µS/cm;Cond;-0.1;°C;Temp;AR;;C = 0.475 1/cm   Tref25   nLF;TetraCon 925-P; 16201701;
Multi 3620 IDS; 22490970;4;20.08.2026 10:32:48;2.0;µS/cm;Cond;-0.1;°C;Temp;AR;;C = 0.475 1/cm   Tref25   nLF;TetraCon 925-P; 16201701;
Multi 3620 IDS; 22490970;4;20.08.2026 10:32:49;2.0;µS/cm;Cond;-0.1;°C;Temp;AR;;C = 0.475 1/cm   Tref25   nLF;TetraCon 925-P; 16201701;
Multi 3620 IDS; 22490970;4;20.08.2026 10:32:50;2.0;µS/cm;Cond;-0.1;°C;Temp;AR;;C = 0.475 1/cm   Tref25   nLF;TetraCon 925-P; 16201701;
Multi 3620 IDS; 22490970;4;20.08.2026 10:32:51;2.0;µS/cm;Cond;-0.1;°C;Temp;AR;;C = 0.475 1/cm   Tref25   nLF;TetraCon 925-P; 16201701;
Multi 3620 IDS; 22490970;4;20.08.2026 10:32:52;2.0;µS/cm;Cond;-0.1;°C;Temp;AR;;C = 0.475 1/cm   Tref25   nLF;TetraCon 925-P; 16201701;
Multi 3620 IDS; 22490970;4;20.08.2026 10:32:53;2.0;µS/cm;Cond;-0.1;°C;Temp;AR;;C = 0.475 1/cm   Tref25   nLF;TetraCon 925-P; 16201701;
Multi 3620 IDS; 22490970;4;20.08.2026 10:32:54;2.0;µS/cm;Cond;-0.1;°C;Temp;AR;;C = 0.475 1/cm   Tref25   nLF;TetraCon 925-P; 16201701;
Multi 3620 IDS; 22490970;4;20.08.2026 10:32:55;2.0;µS/cm;Cond;-0.1;°C;Temp;AR;;C = 0.475 1/cm   Tref25   nLF;TetraCon 925-P; 16201701;
Multi 3620 IDS; 22490970;4;20.08.2026 10:32:56;2.0;µS/cm;Cond;-0.1;°C;Temp;AR;;C = 0.475 1/cm   Tref25   nLF;TetraCon 925-P; 16201701;
Multi 3620 IDS; 22490970;4;20.08.2026 10:32:57;2.0;µS/cm;Cond;-0.1;°C;Temp;AR;;C = 0.475 1/cm   Tref25   nLF;TetraCon 925-P; 16201701;
Multi 3620 IDS; 22490970;4;20.08.2026 10:32:58;1.9;µS/cm;Cond;-0.1;°C;Temp;AR;;C = 0.475 1/cm   Tref25   nLF;TetraCon 925-P; 16201701;
Multi 3620 IDS; 22490970;4;20.08.2026 10:32:59;1.9;µS/cm;Cond;-0.1;°C;Temp;AR;;C = 0.475 1/cm   Tref25   nLF;TetraCon 925-P; 16201701;
Multi 3620 IDS; 22490970;4;20.08.2026 10:33:00;1.9;µS/cm;Cond;-0.1;°C;Temp;AR;;C = 0.475 1/cm   Tref25   nLF;TetraCon 925-P; 16201701;
Multi 3620 IDS; 22490970;4;20.08.2026 10:33:01;1.9;µS/cm;Cond;-0.1;°C;Temp;AR;;C = 0.475 1/cm   Tref25   nLF;TetraCon 925-P; 16201701;
Multi 3620 IDS; 22490970;4;20.08.2026 10:33:02;1.9;µS/cm;Cond;-0.1;°C;Temp;AR;;C = 0.475 1/cm   Tref25   nLF;TetraCon 925-P; 16201701;
Multi 3620 IDS; 22490970;4;20.08.2026 10:33:03;1.9;µS/cm;Cond;-0.1;°C;Temp;AR;;C = 0.475 1/cm   Tref25   nLF;TetraCon 925-P; 16201701;
Multi 3620 IDS; 22490970;4;20.08.2026 10:33:04;1.9;µS/cm;Cond;-0.1;°C;Temp;AR;;C = 0.475 1/cm   Tref25   nLF;TetraCon 925-P; 16201701;
Multi 3620 IDS; 22490970;4;20.08.2026 10:33:05;1.9;µS/cm;Cond;-0.1;°C;Temp;AR;;C = 0.475 1/cm   Tref25   nLF;TetraCon 925-P; 16201701;
Multi 3620 IDS; 22490970;4;20.08.2026 10:33:06;1.9;µS/cm;Cond;-0.1;°C;Temp;AR;;C = 0.475 1/cm   Tref25   nLF;TetraCon 925-P; 16201701;
Multi 3620 IDS; 22490970;4;20.08.2026 10:33:07;1.9;µS/cm;Cond;-0.1;°C;Temp;AR;;C = 0.475 1/cm   Tref25   nLF;TetraCon 925-P; 16201701;
Multi 3620 IDS; 22490970;4;20.08.2026 10:33:08;1.9;µS/cm;Cond;-0.1;°C;Temp;AR;;C = 0.475 1/cm   Tref25   nLF;TetraCon 925-P; 16201701;
Multi 3620 IDS; 22490970;4;20.08.2026 10:33:09;1.9;µS/cm;Cond;-0.1;°C;Temp;AR;;C = 0.475 1/cm   Tref25   nLF;TetraCon 925-P; 16201701;
Multi 3620 IDS; 22490970;4;20.08.2026 10:33:10;1.9;µS/cm;Cond;-0.1;°C;Temp;AR;;C = 0.475 1/cm   Tref25   nLF;TetraCon 925-P; 16201701;
Multi 3620 IDS; 22490970;4;20.08.2026 10:33:11;1.9;µS/cm;Cond;-0.1;°C;Temp;AR;;C = 0.475 1/cm   Tref25   nLF;TetraCon 925-P; 16201701;
Multi 3620 IDS; 22490970;4;20.08.2026 10:33:12;1.9;µS/cm;Cond;-0.1;°C;Temp;AR;;C = 0.475 1/cm   Tref25   nLF;TetraCon 925-P; 16201701;
Multi 3620 IDS; 22490970;4;20.08.2026 10:33:13;1.9;µS/cm;Cond;-0.1;°C;Temp;AR;;C = 0.475 1/cm   Tref25   nLF;TetraCon 925-P; 16201701;
Multi 3620 IDS; 22490970;4;20.08.2026 10:33:14;1.9;µS/cm;Cond;-0.1;°C;Temp;AR;;C = 0.475 1/cm   Tref25   nLF;TetraCon 925-P; 16201701;
Multi 3620 IDS; 22490970;4;20.08.2026 10:33:15;1.9;µS/cm;Cond;-0.1;°C;Temp;AR;;C = 0.475 1/cm   Tref25   nLF;TetraCon 925-P; 16201701;
Multi 3620 IDS; 22490970;4;20.08.2026 10:33:16;1.9;µS/cm;Cond;-0.1;°C;Temp;AR;;C = 0.475 1/cm   Tref25   nLF;TetraCon 925-P; 16201701;
Multi 3620 IDS; 22490970;4;20.08.2026 10:33:17;1.9;µS/cm;Cond;-0.1;°C;Temp;AR;;C = 0.475 1/cm   Tref25   nLF;TetraCon 925-P; 16201701;
Multi 3620 IDS; 22490970;4;20.08.2026 10:33:18;1.9;µS/cm;Cond;-0.1;°C;Temp;AR;;C = 0.475 1/cm   Tref25   nLF;TetraCon 925-P; 16201701;
Multi 3620 IDS; 22490970;4;20.08.2026 10:33:19;1.9;µS/cm;Cond;-0.1;°C;Temp;AR;;C = 0.475 1/cm   Tref25   nLF;TetraCon 925-P; 16201701;
Multi 3620 IDS; 22490970;4;20.08.2026 10:33:20;1.9;µS/cm;Cond;-0.1;°C;Temp;AR;;C = 0.475 1/cm   Tref25   nLF;TetraCon 925-P; 16201701;
Multi 3620 IDS; 22490970;4;20.08.2026 10:33:21;1.9;µS/cm;Cond;-0.1;°C;Temp;AR;;C = 0.475 1/cm   Tref25   nLF;TetraCon 925-P; 16201701;
Multi 3620 IDS; 22490970;4;20.08.2026 10:33:22;1.9;µS/cm;Cond;-0.1;°C;Temp;AR;;C = 0.475 1/cm   Tref25   nLF;TetraCon 925-P; 16201701;
Multi 3620 IDS; 22490970;4;20.08.2026 10:33:23;1.9;µS/cm;Cond;-0.1;°C;Temp;AR;;C = 0.475 1/cm   Tref25   nLF;TetraCon 925-P; 16201701;
Multi 3620 IDS; 22490970;4;20.08.2026 10:33:24;1.9;µS/cm;Cond;-0.1;°C;Temp;AR;;C = 0.475 1/cm   Tref25   nLF;TetraCon 925-P; 16201701;
Multi 3620 IDS; 22490970;4;20.08.2026 10:33:25;1.9;µS/cm;Cond;-0.1;°C;Temp;AR;;C = 0.475 1/cm   Tref25   nLF;TetraCon 925-P; 16201701;
Multi 3620 IDS; 22490970;4;20.08.2026 10:33:26;1.9;µS/cm;Cond;-0.1;°C;Temp;AR;;C = 0.475 1/cm   Tref25   nLF;TetraCon 925-P; 16201701;
Multi 3620 IDS; 22490970;4;20.08.2026 10:33:27;1.9;µS/cm;Cond;-0.1;°C;Temp;AR;;C = 0.475 1/cm   Tref25   nLF;TetraCon 925-P; 16201701;
Multi 3620 IDS; 22490970;4;20.08.2026 10:33:28;1.9;µS/cm;Cond;-0.1;°C;Temp;AR;;C = 0.475 1/cm   Tref25   nLF;TetraCon 925-P; 16201701;
Multi 3620 IDS; 22490970;4;20.08.2026 10:33:29;1.9;µS/cm;Cond;-0.1;°C;Temp;AR;;C = 0.475 1/cm   Tref25   nLF;TetraCon 925-P; 16201701;
Multi 3620 IDS; 22490970;4;20.08.2026 10:33:30;1.9;µS/cm;Cond;-0.1;°C;Temp;AR;;C = 0.475 1/cm   Tref25   nLF;TetraCon 925-P; 16201701;
Multi 3620 IDS; 22490970;4;20.08.2026 10:33:31;1.9;µS/cm;Cond;-0.1;°C;Temp;AR;;C = 0.475 1/cm   Tref25   nLF;TetraCon 925-P; 16201701;
Multi 3620 IDS; 22490970;4;20.08.2026 10:33:32;1.9;µS/cm;Cond;-0.1;°C;Temp;AR;;C = 0.475 1/cm   Tref25   nLF;TetraCon 925-P; 16201701;
Multi 3620 IDS; 22490970;4;20.08.2026 10:33:33;1.9;µS/cm;Cond;-0.1;°C;Temp;AR;;C = 0.475 1/cm   Tref25   nLF;TetraCon 925-P; 16201701;
Multi 3620 IDS; 22490970;4;20.08.2026 10:33:34;1.9;µS/cm;Cond;-0.1;°C;Temp;AR;;C = 0.475 1/cm   Tref25   nLF;TetraCon 925-P; 16201701;
Multi 3620 IDS; 22490970;4;20.08.2026 10:33:35;1.9;µS/cm;Cond;-0.1;°C;Temp;AR;;C = 0.475 1/cm   Tref25   nLF;TetraCon 925-P; 16201701;
Multi 3620 IDS; 22490970;4;20.08.2026 10:33:36;1.9;µS/cm;Cond;-0.1;°C;Temp;AR;;C = 0.475 1/cm   Tref25   nLF;TetraCon 925-P; 16201701;
Multi 3620 IDS; 22490970;4;20.08.2026 10:33:37;1.9;µS/cm;Cond;-0.1;°C;Temp;AR;;C = 0.475 1/cm   Tref25   nLF;TetraCon 925-P; 16201701;
Multi 3620 IDS; 22490970;4;20.08.2026 10:33:38;1.9;µS/cm;Cond;-0.1;°C;Temp;AR;;C = 0.475 1/cm   Tref25   nLF;TetraCon 925-P; 16201701;
Multi 3620 IDS; 22490970;4;20.08.2026 10:33:39;1.9;µS/cm;Cond;-0.1;°C;Temp;AR;;C = 0.475 1/cm   Tref25   nLF;TetraCon 925-P; 16201701;
Multi 3620 IDS; 22490970;4;20.08.2026 10:33:40;1.9;µS/cm;Cond;-0.1;°C;Temp;AR;;C = 0.475 1/cm   Tref25   nLF;TetraCon 925-P; 16201701;
Multi 3620 IDS; 22490970;4;20.08.2026 10:33:41;1.9;µS/cm;Cond;-0.1;°C;Temp;AR;;C = 0.475 1/cm   Tref25   nLF;TetraCon 925-P; 16201701;
Multi 3620 IDS; 22490970;4;20.08.2026 10:33:42;1.9;µS/cm;Cond;-0.1;°C;Temp;AR;;C = 0.475 1/cm   Tref25   nLF;TetraCon 925-P; 16201701;
Multi 3620 IDS; 22490970;4;20.08.2026 10:33:43;1.9;µS/cm;Cond;-0.1;°C;Temp;AR;;C = 0.475 1/cm   Tref25   nLF;TetraCon 925-P; 16201701;
Multi 3620 IDS; 22490970;4;20.08.2026 10:33:44;1.9;µS/cm;Cond;-0.1;°C;Temp;AR;;C = 0.475 1/cm   Tref25   nLF;TetraCon 925-P; 16201701;
Multi 3620 IDS; 22490970;4;20.08.2026 10:33:45;1.9;µS/cm;Cond;-0.1;°C;Temp;AR;;C = 0.475 1/cm   Tref25   nLF;TetraCon 925-P; 16201701;
Multi 3620 IDS; 22490970;4;20.08.2026 10:33:46;1.9;µS/cm;Cond;-0.1;°C;Temp;AR;;C = 0.475 1/cm   Tref25   nLF;TetraCon 925-P; 16201701;
Multi 3620 IDS; 22490970;4;20.08.2026 10:33:47;1.9;µS/cm;Cond;-0.1;°C;Temp;AR;;C = 0.475 1/cm   Tref25   nLF;TetraCon 925-P; 16201701;
Multi 3620 IDS; 22490970;4;20.08.2026 10:33:48;1.9;µS/cm;Cond;-0.1;°C;Temp;AR;;C = 0.475 1/cm   Tref25   nLF;TetraCon 925-P; 16201701;
Multi 3620 IDS; 22490970;4;20.08.2026 10:33:49;1.9;µS/cm;Cond;-0.1;°C;Temp;AR;;C = 0.475 1/cm   Tref25   nLF;TetraCon 925-P; 16201701;
Multi 3620 IDS; 22490970;4;20.08.2026 10:33:50;1.9;µS/cm;Cond;-0.1;°C;Temp;AR;;C = 0.475 1/cm   Tref25   nLF;TetraCon 925-P; 16201701;
Multi 3620 IDS; 22490970;4;20.08.2026 10:33:55;1.9;µS/cm;Cond;-0.1;°C;Temp;AR;;C = 0.475 1/cm   Tref25   nLF;TetraCon 925-P; 16201701;
Multi 3620 IDS; 22490970;4;20.08.2026 10:33:56;1.9;µS/cm;Cond;-0.1;°C;Temp;AR;;C = 0.475 1/cm   Tref25   nLF;TetraCon 925-P; 16201701;
Multi 3620 IDS; 22490970;4;20.08.2026 10:33:57;1.9;µS/cm;Cond;-0.1;°C;Temp;AR;;C = 0.475 1/cm   Tref25   nLF;TetraCon 925-P; 16201701;
Multi 3620 IDS; 22490970;4;20.08.2026 10:33:58;1.9;µS/cm;Cond;-0.1;°C;Temp;AR;;C = 0.475 1/cm   Tref25   nLF;TetraCon 925-P; 16201701;
Multi 3620 IDS; 22490970;4;20.08.2026 10:33:59;1.9;µS/cm;Cond;-0.1;°C;Temp;AR;;C = 0.475 1/cm   Tref25   nLF;TetraCon 925-P; 16201701;
Multi 3620 IDS; 22490970;4;20.08.2026 10:34:00;1.9;µS/cm;Cond;-0.1;°C;Temp;AR;;C = 0.475 1/cm   Tref25   nLF;TetraCon 925-P; 16201701;
Multi 3620 IDS; 22490970;4;20.08.2026 10:34:01;1.9;µS/cm;Cond;-0.1;°C;Temp;AR;;C = 0.475 1/cm   Tref25   nLF;TetraCon 925-P; 16201701;
Multi 3620 IDS; 22490970;4;20.08.2026 10:34:02;1.9;µS/cm;Cond;-0.1;°C;Temp;AR;;C = 0.475 1/cm   Tref25   nLF;TetraCon 925-P; 16201701;
Multi 3620 IDS; 22490970;4;20.08.2026 10:34:03;1.9;µS/cm;Cond;-0.1;°C;Temp;AR;;C = 0.475 1/cm   Tref25   nLF;TetraCon 925-P; 16201701;
Multi 3620 IDS; 22490970;4;20.08.2026 10:34:04;1.9;µS/cm;Cond;-0.1;°C;Temp;AR;;C = 0.475 1/cm   Tref25   nLF;TetraCon 925-P; 16201701;
Multi 3620 IDS; 22490970;4;20.08.2026 10:34:05;1.9;µS/cm;Cond;-0.1;°C;Temp;AR;;C = 0.475 1/cm   Tref25   nLF;TetraCon 925-P; 16201701;
Multi 3620 IDS; 22490970;4;20.08.2026 10:34:06;1.9;µS/cm;Cond;-0.1;°C;Temp;AR;;C = 0.475 1/cm   Tref25   nLF;TetraCon 925-P; 16201701;
Multi 3620 IDS; 22490970;4;20.08.2026 10:34:07;1.9;µS/cm;Cond;-0.1;°C;Temp;AR;;C = 0.475 1/cm   Tref25   nLF;TetraCon 925-P; 16201701;
Multi 3620 IDS; 22490970;4;20.08.2026 10:34:08;1.9;µS/cm;Cond;-0.1;°C;Temp;AR;;C = 0.475 1/cm   Tref25   nLF;TetraCon 925-P; 16201701;
Multi 3620 IDS; 22490970;4;20.08.2026 10:34:09;1.9;µS/cm;Cond;-0.1;°C;Temp;AR;;C = 0.475 1/cm   Tref25   nLF;TetraCon 925-P; 16201701;
Multi 3620 IDS; 22490970;4;20.08.2026 10:34:10;1.9;µS/cm;Cond;-0.1;°C;Temp;AR;;C = 0.475 1/cm   Tref25   nLF;TetraCon 925-P; 16201701;
Multi 3620 IDS; 22490970;4;20.08.2026 10:34:11;1.9;µS/cm;Cond;-0.1;°C;Temp;AR;;C = 0.475 1/cm   Tref25   nLF;TetraCon 925-P; 16201701;
Multi 3620 IDS; 22490970;4;20.08.2026 10:34:12;1.9;µS/cm;Cond;-0.1;°C;Temp;AR;;C = 0.475 1/cm   Tref25   nLF;TetraCon 925-P; 16201701;
Multi 3620 IDS; 22490970;4;20.08.2026 10:34:13;1.9;µS/cm;Cond;-0.1;°C;Temp;AR;;C = 0.475 1/cm   Tref25   nLF;TetraCon 925-P; 16201701;
Multi 3620 IDS; 22490970;4;20.08.2026 10:34:14;1.9;µS/cm;Cond;-0.1;°C;Temp;AR;;C = 0.475 1/cm   Tref25   nLF;TetraCon 925-P; 16201701;
Multi 3620 IDS; 22490970;4;20.08.2026 10:34:15;1.9;µS/cm;Cond;-0.1;°C;Temp;AR;;C = 0.475 1/cm   Tref25   nLF;TetraCon 925-P; 16201701;
Multi 3620 IDS; 22490970;4;20.08.2026 10:34:16;1.9;µS/cm;Cond;-0.1;°C;Temp;AR;;C = 0.475 1/cm   Tref25   nLF;TetraCon 925-P; 16201701;
Multi 3620 IDS; 22490970;4;20.08.2026 10:34:17;1.9;µS/cm;Cond;-0.1;°C;Temp;AR;;C = 0.475 1/cm   Tref25   nLF;TetraCon 925-P; 16201701;
Multi 3620 IDS; 22490970;4;20.08.2026 10:34:18;1.9;µS/cm;Cond;-0.1;°C;Temp;AR;;C = 0.475 1/cm   Tref25   nLF;TetraCon 925-P; 16201701;
Multi 3620 IDS; 22490970;4;20.08.2026 10:34:19;1.9;µS/cm;Cond;-0.1;°C;Temp;AR;;C = 0.475 1/cm   Tref25   nLF;TetraCon 925-P; 16201701;
Multi 3620 IDS; 22490970;4;20.08.2026 10:34:20;1.9;µS/cm;Cond;-0.1;°C;Temp;AR;;C = 0.475 1/cm   Tref25   nLF;TetraCon 925-P; 16201701;
Multi 3620 IDS; 22490970;4;20.08.2026 10:34:21;1.9;µS/cm;Cond;-0.1;°C;Temp;AR;;C = 0.475 1/cm   Tref25   nLF;TetraCon 925-P; 16201701;
Multi 3620 IDS; 22490970;4;20.08.2026 10:34:22;1.9;µS/cm;Cond;-0.1;°C;Temp;AR;;C = 0.475 1/cm   Tref25   nLF;TetraCon 925-P; 16201701;
Multi 3620 IDS; 22490970;4;20.08.2026 10:34:23;1.9;µS/cm;Cond;-0.1;°C;Temp;AR;;C = 0.475 1/cm   Tref25   nLF;TetraCon 925-P; 16201701;
Multi 3620 IDS; 22490970;4;20.08.2026 10:34:24;1.9;µS/cm;Cond;-0.1;°C;Temp;AR;;C = 0.475 1/cm   Tref25   nLF;TetraCon 925-P; 16201701;
Multi 3620 IDS; 22490970;4;20.08.2026 10:34:25;1.9;µS/cm;Cond;-0.1;°C;Temp;AR;;C = 0.475 1/cm   Tref25   nLF;TetraCon 925-P; 16201701;
Multi 3620 IDS; 22490970;4;20.08.2026 10:34:26;1.9;µS/cm;Cond;-0.1;°C;Temp;AR;;C = 0.475 1/cm   Tref25   nLF;TetraCon 925-P; 16201701;
Multi 3620 IDS; 22490970;4;20.08.2026 10:34:27;1.9;µS/cm;Cond;-0.1;°C;Temp;AR;;C = 0.475 1/cm   Tref25   nLF;TetraCon 925-P; 16201701;
Multi 3620 IDS; 22490970;4;20.08.2026 10:34:28;1.9;µS/cm;Cond;-0.1;°C;Temp;AR;;C = 0.475 1/cm   Tref25   nLF;TetraCon 925-P; 16201701;
Multi 3620 IDS; 22490970;4;20.08.2026 10:34:29;1.9;µS/cm;Cond;-0.1;°C;Temp;AR;;C = 0.475 1/cm   Tref25   nLF;TetraCon 925-P; 16201701;
Multi 3620 IDS; 22490970;4;20.08.2026 10:34:30;1.9;µS/cm;Cond;-0.1;°C;Temp;AR;;C = 0.475 1/cm   Tref25   nLF;TetraCon 925-P; 16201701;
Multi 3620 IDS; 22490970;4;20.08.2026 10:34:31;1.8;µS/cm;Cond;-0.1;°C;Temp;AR;;C = 0.475 1/cm   Tref25   nLF;TetraCon 925-P; 16201701;
Multi 3620 IDS; 22490970;4;20.08.2026 10:34:32;1.8;µS/cm;Cond;-0.1;°C;Temp;AR;;C = 0.475 1/cm   Tref25   nLF;TetraCon 925-P; 16201701;
Multi 3620 IDS; 22490970;4;20.08.2026 10:34:33;1.8;µS/cm;Cond;-0.1;°C;Temp;AR;;C = 0.475 1/cm   Tref25   nLF;TetraCon 925-P; 16201701;
Multi 3620 IDS; 22490970;4;20.08.2026 10:34:34;1.8;µS/cm;Cond;-0.1;°C;Temp;AR;;C = 0.475 1/cm   Tref25   nLF;TetraCon 925-P; 16201701;
Multi 3620 IDS; 22490970;4;20.08.2026 10:34:35;1.8;µS/cm;Cond;-0.1;°C;Temp;AR;;C = 0.475 1/cm   Tref25   nLF;TetraCon 925-P; 16201701;
Multi 3620 IDS; 22490970;4;20.08.2026 10:34:36;1.8;µS/cm;Cond;-0.1;°C;Temp;AR;;C = 0.475 1/cm   Tref25   nLF;TetraCon 925-P; 16201701;
Multi 3620 IDS; 22490970;4;20.08.2026 10:34:37;1.8;µS/cm;Cond;-0.1;°C;Temp;AR;;C = 0.475 1/cm   Tref25   nLF;TetraCon 925-P; 16201701;
Multi 3620 IDS; 22490970;4;20.08.2026 10:34:38;1.8;µS/cm;Cond;-0.1;°C;Temp;AR;;C = 0.475 1/cm   Tref25   nLF;TetraCon 925-P; 16201701;
Multi 3620 IDS; 22490970;4;20.08.2026 10:34:39;1.8;µS/cm;Cond;-0.1;°C;Temp;AR;;C = 0.475 1/cm   Tref25   nLF;TetraCon 925-P; 16201701;
Multi 3620 IDS; 22490970;4;20.08.2026 10:34:40;1.8;µS/cm;Cond;-0.1;°C;Temp;AR;;C = 0.475 1/cm   Tref25   nLF;TetraCon 925-P; 16201701;
Multi 3620 IDS; 22490970;4;20.08.2026 10:34:41;1.8;µS/cm;Cond;-0.1;°C;Temp;AR;;C = 0.475 1/cm   Tref25   nLF;TetraCon 925-P; 16201701;
Multi 3620 IDS; 22490970;4;20.08.2026 10:34:42;1.8;µS/cm;Cond;-0.1;°C;Temp;AR;;C = 0.475 1/cm   Tref25   nLF;TetraCon 925-P; 16201701;
Multi 3620 IDS; 22490970;4;20.08.2026 10:34:43;1.8;µS/cm;Cond;-0.1;°C;Temp;AR;;C = 0.475 1/cm   Tref25   nLF;TetraCon 925-P; 16201701;
Multi 3620 IDS; 22490970;4;20.08.2026 10:34:44;1.8;µS/cm;Cond;-0.1;°C;Temp;AR;;C = 0.475 1/cm   Tref25   nLF;TetraCon 925-P; 16201701;
Multi 3620 IDS; 22490970;4;20.08.2026 10:34:45;1.8;µS/cm;Cond;-0.1;°C;Temp;AR;;C = 0.475 1/cm   Tref25   nLF;TetraCon 925-P; 16201701;
Multi 3620 IDS; 22490970;4;20.08.2026 10:34:46;1.9;µS/cm;Cond;-0.1;°C;Temp;AR;;C = 0.475 1/cm   Tref25   nLF;TetraCon 925-P; 16201701;
Multi 3620 IDS; 22490970;4;20.08.2026 10:34:47;1.9;µS/cm;Cond;-0.1;°C;Temp;AR;;C = 0.475 1/cm   Tref25   nLF;TetraCon 925-P; 16201701;
Multi 3620 IDS; 22490970;4;20.08.2026 10:34:48;1.9;µS/cm;Cond;-0.1;°C;Temp;AR;;C = 0.475 1/cm   Tref25   nLF;TetraCon 925-P; 16201701;
Multi 3620 IDS; 22490970;4;20.08.2026 10:34:49;1.9;µS/cm;Cond;-0.1;°C;Temp;AR;;C = 0.475 1/cm   Tref25   nLF;TetraCon 925-P; 16201701;
Multi 3620 IDS; 22490970;4;20.08.2026 10:34:50;1.9;µS/cm;Cond;-0.1;°C;Temp;AR;;C = 0.475 1/cm   Tref25   nLF;TetraCon 925-P; 16201701;
Multi 3620 IDS; 22490970;4;20.08.2026 10:34:51;1.9;µS/cm;Cond;-0.1;°C;Temp;AR;;C = 0.475 1/cm   Tref25   nLF;TetraCon 925-P; 16201701;
Multi 3620 IDS; 22490970;4;20.08.2026 10:34:52;1.9;µS/cm;Cond;-0.1;°C;Temp;AR;;C = 0.475 1/cm   Tref25   nLF;TetraCon 925-P; 16201701;
Multi 3620 IDS; 22490970;4;20.08.2026 10:34:53;1.9;µS/cm;Cond;-0.1;°C;Temp;AR;;C = 0.475 1/cm   Tref25   nLF;TetraCon 925-P; 16201701;
Multi 3620 IDS; 22490970;4;20.08.2026 10:34:54;1.9;µS/cm;Cond;-0.1;°C;Temp;AR;;C = 0.475 1/cm   Tref25   nLF;TetraCon 925-P; 16201701;
Multi 3620 IDS; 22490970;4;20.08.2026 10:34:55;1.8;µS/cm;Cond;-0.1;°C;Temp;AR;;C = 0.475 1/cm   Tref25   nLF;TetraCon 925-P; 16201701;
Multi 3620 IDS; 22490970;4;20.08.2026 10:34:56;1.8;µS/cm;Cond;-0.1;°C;Temp;AR;;C = 0.475 1/cm   Tref25   nLF;TetraCon 925-P; 16201701;
Multi 3620 IDS; 22490970;4;20.08.2026 10:34:57;1.8;µS/cm;Cond;-0.1;°C;Temp;AR;;C = 0.475 1/cm   Tref25   nLF;TetraCon 925-P; 16201701;
Multi 3620 IDS; 22490970;4;20.08.2026 10:34:58;1.8;µS/cm;Cond;-0.1;°C;Temp;AR;;C = 0.475 1/cm   Tref25   nLF;TetraCon 925-P; 16201701;
Multi 3620 IDS; 22490970;4;20.08.2026 10:34:59;1.8;µS/cm;Cond;-0.1;°C;Temp;AR;;C = 0.475 1/cm   Tref25   nLF;TetraCon 925-P; 16201701;
Multi 3620 IDS; 22490970;4;20.08.2026 10:35:00;1.8;µS/cm;Cond;-0.1;°C;Temp;AR;;C = 0.475 1/cm   Tref25   nLF;TetraCon 925-P; 16201701;
Multi 3620 IDS; 22490970;4;20.08.2026 10:35:01;1.8;µS/cm;Cond;-0.1;°C;Temp;AR;;C = 0.475 1/cm   Tref25   nLF;TetraCon 925-P; 16201701;
Multi 3620 IDS; 22490970;4;20.08.2026 10:35:02;1.8;µS/cm;Cond;-0.1;°C;Temp;AR;;C = 0.475 1/cm   Tref25   nLF;TetraCon 925-P; 16201701;
Multi 3620 IDS; 22490970;4;20.08.2026 10:35:03;1.9;µS/cm;Cond;-0.1;°C;Temp;AR;;C = 0.475 1/cm   Tref25   nLF;TetraCon 925-P; 16201701;
Multi 3620 IDS; 22490970;4;20.08.2026 10:35:04;1.9;µS/cm;Cond;-0.1;°C;Temp;AR;;C = 0.475 1/cm   Tref25   nLF;TetraCon 925-P; 16201701;
Multi 3620 IDS; 22490970;4;20.08.2026 10:35:05;1.8;µS/cm;Cond;-0.1;°C;Temp;AR;;C = 0.475 1/cm   Tref25   nLF;TetraCon 925-P; 16201701;
Multi 3620 IDS; 22490970;4;20.08.2026 10:35:06;1.8;µS/cm;Cond;-0.1;°C;Temp;AR;;C = 0.475 1/cm   Tref25   nLF;TetraCon 925-P; 16201701;
Multi 3620 IDS; 22490970;4;20.08.2026 10:35:07;1.8;µS/cm;Cond;-0.1;°C;Temp;AR;;C = 0.475 1/cm   Tref25   nLF;TetraCon 925-P; 16201701;
Multi 3620 IDS; 22490970;4;20.08.2026 10:35:08;1.8;µS/cm;Cond;-0.1;°C;Temp;AR;;C = 0.475 1/cm   Tref25   nLF;TetraCon 925-P; 16201701;
Multi 3620 IDS; 22490970;4;20.08.2026 10:35:09;1.8;µS/cm;Cond;-0.1;°C;Temp;AR;;C = 0.475 1/cm   Tref25   nLF;TetraCon 925-P; 16201701;
Multi 3620 IDS; 22490970;4;20.08.2026 10:35:10;1.8;µS/cm;Cond;-0.1;°C;Temp;AR;;C = 0.475 1/cm   Tref25   nLF;TetraCon 925-P; 16201701;
Multi 3620 IDS; 22490970;4;20.08.2026 10:35:11;1.8;µS/cm;Cond;-0.1;°C;Temp;AR;;C = 0.475 1/cm   Tref25   nLF;TetraCon 925-P; 16201701;
Multi 3620 IDS; 22490970;4;20.08.2026 10:35:12;1.8;µS/cm;Cond;-0.1;°C;Temp;AR;;C = 0.475 1/cm   Tref25   nLF;TetraCon 925-P; 16201701;
Multi 3620 IDS; 22490970;4;20.08.2026 10:35:13;1.9;µS/cm;Cond;-0.1;°C;Temp;AR;;C = 0.475 1/cm   Tref25   nLF;TetraCon 925-P; 16201701;
Multi 3620 IDS; 22490970;4;20.08.2026 10:35:14;1.9;µS/cm;Cond;-0.1;°C;Temp;AR;;C = 0.475 1/cm   Tref25   nLF;TetraCon 925-P; 16201701;
Multi 3620 IDS; 22490970;4;20.08.2026 10:35:15;1.9;µS/cm;Cond;-0.1;°C;Temp;AR;;C = 0.475 1/cm   Tref25   nLF;TetraCon 925-P; 16201701;
Multi 3620 IDS; 22490970;4;20.08.2026 10:35:16;1.9;µS/cm;Cond;-0.1;°C;Temp;AR;;C = 0.475 1/cm   Tref25   nLF;TetraCon 925-P; 16201701;
Multi 3620 IDS; 22490970;4;20.08.2026 10:35:17;1.9;µS/cm;Cond;-0.1;°C;Temp;;;C = 0.475 1/cm   Tref25   nLF;TetraCon 925-P; 16201701;
Multi 3620 IDS; 22490970;4;20.08.2026 10:35:18;1.9;µS/cm;Cond;-0.1;°C;Temp;;;C = 0.475 1/cm   Tref25   nLF;TetraCon 925-P; 16201701;
Multi 3620 IDS; 22490970;4;20.08.2026 10:35:19;2.0;µS/cm;Cond;-0.1;°C;Temp;;;C = 0.475 1/cm   Tref25   nLF;TetraCon 925-P; 16201701;
Multi 3620 IDS; 22490970;4;20.08.2026 10:35:20;2.1;µS/cm;Cond;-0.1;°C;Temp;;;C = 0.475 1/cm   Tref25   nLF;TetraCon 925-P; 16201701;
Multi 3620 IDS; 22490970;4;20.08.2026 10:35:21;2.1;µS/cm;Cond;-0.1;°C;Temp;;;C = 0.475 1/cm   Tref25   nLF;TetraCon 925-P; 16201701;
Multi 3620 IDS; 22490970;4;20.08.2026 10:35:22;2.3;µS/cm;Cond;-0.1;°C;Temp;;;C = 0.475 1/cm   Tref25   nLF;TetraCon 925-P; 16201701;
Multi 3620 IDS; 22490970;4;20.08.2026 10:35:23;2.7;µS/cm;Cond;-0.1;°C;Temp;;;C = 0.475 1/cm   Tref25   nLF;TetraCon 925-P; 16201701;
Multi 3620 IDS; 22490970;4;20.08.2026 10:35:24;3.0;µS/cm;Cond;-0.1;°C;Temp;;;C = 0.475 1/cm   Tref25   nLF;TetraCon 925-P; 16201701;
Multi 3620 IDS; 22490970;4;20.08.2026 10:35:25;3.0;µS/cm;Cond;-0.1;°C;Temp;;;C = 0.475 1/cm   Tref25   nLF;TetraCon 925-P; 16201701;
Multi 3620 IDS; 22490970;4;20.08.2026 10:35:26;2.9;µS/cm;Cond;-0.1;°C;Temp;;;C = 0.475 1/cm   Tref25   nLF;TetraCon 925-P; 16201701;
Multi 3620 IDS; 22490970;4;20.08.2026 10:35:27;3.2;µS/cm;Cond;-0.1;°C;Temp;;;C = 0.475 1/cm   Tref25   nLF;TetraCon 925-P; 16201701;
Multi 3620 IDS; 22490970;4;20.08.2026 10:35:28;4.1;µS/cm;Cond;-0.1;°C;Temp;;;C = 0.475 1/cm   Tref25   nLF;TetraCon 925-P; 16201701;
Multi 3620 IDS; 22490970;4;20.08.2026 10:35:29;5.6;µS/cm;Cond;-0.1;°C;Temp;;;C = 0.475 1/cm   Tref25   nLF;TetraCon 925-P; 16201701;
Multi 3620 IDS; 22490970;4;20.08.2026 10:35:30;6.2;µS/cm;Cond;-0.1;°C;Temp;;;C = 0.475 1/cm   Tref25   nLF;TetraCon 925-P; 16201701;
Multi 3620 IDS; 22490970;4;20.08.2026 10:35:31;7.2;µS/cm;Cond;-0.1;°C;Temp;;;C = 0.475 1/cm   Tref25   nLF;TetraCon 925-P; 16201701;
Multi 3620 IDS; 22490970;4;20.08.2026 10:35:32;8.4;µS/cm;Cond;-0.1;°C;Temp;;;C = 0.475 1/cm   Tref25   nLF;TetraCon 925-P; 16201701;
Multi 3620 IDS; 22490970;4;20.08.2026 10:35:33;9.0;µS/cm;Cond;-0.1;°C;Temp;;;C = 0.475 1/cm   Tref25   nLF;TetraCon 925-P; 16201701;
Multi 3620 IDS; 22490970;4;20.08.2026 10:35:34;10.4;µS/cm;Cond;-0.1;°C;Temp;;;C = 0.475 1/cm   Tref25   nLF;TetraCon 925-P; 16201701;
Multi 3620 IDS; 22490970;4;20.08.2026 10:35:35;12.5;µS/cm;Cond;-0.1;°C;Temp;;;C = 0.475 1/cm   Tref25   nLF;TetraCon 925-P; 16201701;
Multi 3620 IDS; 22490970;4;20.08.2026 10:35:36;14.2;µS/cm;Cond;-0.1;°C;Temp;;;C = 0.475 1/cm   Tref25   nLF;TetraCon 925-P; 16201701;
Multi 3620 IDS; 22490970;4;20.08.2026 10:35:37;17.4;µS/cm;Cond;-0.1;°C;Temp;;;C = 0.475 1/cm   Tref25   nLF;TetraCon 925-P; 16201701;
Multi 3620 IDS; 22490970;4;20.08.2026 10:35:38;19.3;µS/cm;Cond;-0.1;°C;Temp;;;C = 0.475 1/cm   Tref25   nLF;TetraCon 925-P; 16201701;
Multi 3620 IDS; 22490970;4;20.08.2026 10:35:39;20.7;µS/cm;Cond;-0.1;°C;Temp;;;C = 0.475 1/cm   Tref25   nLF;TetraCon 925-P; 16201701;
Multi 3620 IDS; 22490970;4;20.08.2026 10:35:40;21.1;µS/cm;Cond;-0.1;°C;Temp;;;C = 0.475 1/cm   Tref25   nLF;TetraCon 925-P; 16201701;
Multi 3620 IDS; 22490970;4;20.08.2026 10:35:41;22.0;µS/cm;Cond;-0.1;°C;Temp;;;C = 0.475 1/cm   Tref25   nLF;TetraCon 925-P; 16201701;
Multi 3620 IDS; 22490970;4;20.08.2026 10:35:42;22.3;µS/cm;Cond;-0.1;°C;Temp;;;C = 0.475 1/cm   Tref25   nLF;TetraCon 925-P; 16201701;
Multi 3620 IDS; 22490970;4;20.08.2026 10:35:43;36.2;µS/cm;Cond;-0.1;°C;Temp;;;C = 0.475 1/cm   Tref25   nLF;TetraCon 925-P; 16201701;
Multi 3620 IDS; 22490970;4;20.08.2026 10:35:44;39.2;µS/cm;Cond;-0.1;°C;Temp;;;C = 0.475 1/cm   Tref25   nLF;TetraCon 925-P; 16201701;
Multi 3620 IDS; 22490970;4;20.08.2026 10:35:45;31.5;µS/cm;Cond;-0.1;°C;Temp;;;C = 0.475 1/cm   Tref25   nLF;TetraCon 925-P; 16201701;
Multi 3620 IDS; 22490970;4;20.08.2026 10:35:46;31.4;µS/cm;Cond;-0.1;°C;Temp;;;C = 0.475 1/cm   Tref25   nLF;TetraCon 925-P; 16201701;
Multi 3620 IDS; 22490970;4;20.08.2026 10:35:47;35.3;µS/cm;Cond;-0.1;°C;Temp;;;C = 0.475 1/cm   Tref25   nLF;TetraCon 925-P; 16201701;
Multi 3620 IDS; 22490970;4;20.08.2026 10:35:48;37.6;µS/cm;Cond;-0.1;°C;Temp;;;C = 0.475 1/cm   Tref25   nLF;TetraCon 925-P; 16201701;
Multi 3620 IDS; 22490970;4;20.08.2026 10:35:49;37.5;µS/cm;Cond;-0.1;°C;Temp;;;C = 0.475 1/cm   Tref25   nLF;TetraCon 925-P; 16201701;
Multi 3620 IDS; 22490970;4;20.08.2026 10:35:50;38.1;µS/cm;Cond;-0.1;°C;Temp;;;C = 0.475 1/cm   Tref25   nLF;TetraCon 925-P; 16201701;
Multi 3620 IDS; 22490970;4;20.08.2026 10:35:51;39.4;µS/cm;Cond;-0.1;°C;Temp;;;C = 0.475 1/cm   Tref25   nLF;TetraCon 925-P; 16201701;
Multi 3620 IDS; 22490970;4;20.08.2026 10:35:52;40.3;µS/cm;Cond;-0.1;°C;Temp;;;C = 0.475 1/cm   Tref25   nLF;TetraCon 925-P; 16201701;
Multi 3620 IDS; 22490970;4;20.08.2026 10:35:53;42.0;µS/cm;Cond;-0.1;°C;Temp;;;C = 0.475 1/cm   Tref25   nLF;TetraCon 925-P; 16201701;
Multi 3620 IDS; 22490970;4;20.08.2026 10:35:54;43.1;µS/cm;Cond;-0.1;°C;Temp;;;C = 0.475 1/cm   Tref25   nLF;TetraCon 925-P; 16201701;
Multi 3620 IDS; 22490970;4;20.08.2026 10:35:55;43.4;µS/cm;Cond;-0.1;°C;Temp;;;C = 0.475 1/cm   Tref25   nLF;TetraCon 925-P; 16201701;
Multi 3620 IDS; 22490970;4;20.08.2026 10:35:56;43.7;µS/cm;Cond;-0.1;°C;Temp;;;C = 0.475 1/cm   Tref25   nLF;TetraCon 925-P; 16201701;
Multi 3620 IDS; 22490970;4;20.08.2026 10:35:57;44.3;µS/cm;Cond;-0.1;°C;Temp;;;C = 0.475 1/cm   Tref25   nLF;TetraCon 925-P; 16201701;
Multi 3620 IDS; 22490970;4;20.08.2026 10:35:58;44.6;µS/cm;Cond;-0.1;°C;Temp;;;C = 0.475 1/cm   Tref25   nLF;TetraCon 925-P; 16201701;
Multi 3620 IDS; 22490970;4;20.08.2026 10:35:59;44.7;µS/cm;Cond;-0.1;°C;Temp;;;C = 0.475 1/cm   Tref25   nLF;TetraCon 925-P; 16201701;
Multi 3620 IDS; 22490970;4;20.08.2026 10:36:00;44.8;µS/cm;Cond;-0.1;°C;Temp;;;C = 0.475 1/cm   Tref25   nLF;TetraCon 925-P; 16201701;
Multi 3620 IDS; 22490970;4;20.08.2026 10:36:01;44.8;µS/cm;Cond;-0.1;°C;Temp;;;C = 0.475 1/cm   Tref25   nLF;TetraCon 925-P; 16201701;
Multi 3620 IDS; 22490970;4;20.08.2026 10:36:02;44.4;µS/cm;Cond;-0.1;°C;Temp;;;C = 0.475 1/cm   Tref25   nLF;TetraCon 925-P; 16201701;
Multi 3620 IDS; 22490970;4;20.08.2026 10:36:03;43.9;µS/cm;Cond;-0.1;°C;Temp;;;C = 0.475 1/cm   Tref25   nLF;TetraCon 925-P; 16201701;
Multi 3620 IDS; 22490970;4;20.08.2026 10:36:04;43.7;µS/cm;Cond;-0.1;°C;Temp;;;C = 0.475 1/cm   Tref25   nLF;TetraCon 925-P; 16201701;
Multi 3620 IDS; 22490970;4;20.08.2026 10:36:05;43.5;µS/cm;Cond;-0.1;°C;Temp;;;C = 0.475 1/cm   Tref25   nLF;TetraCon 925-P; 16201701;
Multi 3620 IDS; 22490970;4;20.08.2026 10:36:06;42.6;µS/cm;Cond;-0.1;°C;Temp;;;C = 0.475 1/cm   Tref25   nLF;TetraCon 925-P; 16201701;
Multi 3620 IDS; 22490970;4;20.08.2026 10:36:07;42.3;µS/cm;Cond;-0.1;°C;Temp;;;C = 0.475 1/cm   Tref25   nLF;TetraCon 925-P; 16201701;
Multi 3620 IDS; 22490970;4;20.08.2026 10:36:08;41.3;µS/cm;Cond;-0.1;°C;Temp;;;C = 0.475 1/cm   Tref25   nLF;TetraCon 925-P; 16201701;
Multi 3620 IDS; 22490970;4;20.08.2026 10:36:09;40.6;µS/cm;Cond;-0.1;°C;Temp;;;C = 0.475 1/cm   Tref25   nLF;TetraCon 925-P; 16201701;
Multi 3620 IDS; 22490970;4;20.08.2026 10:36:10;40.1;µS/cm;Cond;-0.1;°C;Temp;;;C = 0.475 1/cm   Tref25   nLF;TetraCon 925-P; 16201701;
Multi 3620 IDS; 22490970;4;20.08.2026 10:36:11;39.4;µS/cm;Cond;-0.1;°C;Temp;;;C = 0.475 1/cm   Tref25   nLF;TetraCon 925-P; 16201701;
Multi 3620 IDS; 22490970;4;20.08.2026 10:36:12;37.9;µS/cm;Cond;-0.1;°C;Temp;;;C = 0.475 1/cm   Tref25   nLF;TetraCon 925-P; 16201701;
Multi 3620 IDS; 22490970;4;20.08.2026 10:36:13;37.2;µS/cm;Cond;-0.1;°C;Temp;;;C = 0.475 1/cm   Tref25   nLF;TetraCon 925-P; 16201701;
Multi 3620 IDS; 22490970;4;20.08.2026 10:36:14;36.3;µS/cm;Cond;-0.1;°C;Temp;;;C = 0.475 1/cm   Tref25   nLF;TetraCon 925-P; 16201701;
Multi 3620 IDS; 22490970;4;20.08.2026 10:36:15;34.5;µS/cm;Cond;-0.1;°C;Temp;;;C = 0.475 1/cm   Tref25   nLF;TetraCon 925-P; 16201701;
Multi 3620 IDS; 22490970;4;20.08.2026 10:36:16;33.7;µS/cm;Cond;-0.1;°C;Temp;;;C = 0.475 1/cm   Tref25   nLF;TetraCon 925-P; 16201701;
Multi 3620 IDS; 22490970;4;20.08.2026 10:36:17;33.7;µS/cm;Cond;-0.1;°C;Temp;;;C = 0.475 1/cm   Tref25   nLF;TetraCon 925-P; 16201701;
Multi 3620 IDS; 22490970;4;20.08.2026 10:36:18;32.7;µS/cm;Cond;-0.1;°C;Temp;;;C = 0.475 1/cm   Tref25   nLF;TetraCon 925-P; 16201701;
Multi 3620 IDS; 22490970;4;20.08.2026 10:36:19;31.6;µS/cm;Cond;-0.1;°C;Temp;;;C = 0.475 1/cm   Tref25   nLF;TetraCon 925-P; 16201701;
Multi 3620 IDS; 22490970;4;20.08.2026 10:36:20;30.4;µS/cm;Cond;-0.1;°C;Temp;;;C = 0.475 1/cm   Tref25   nLF;TetraCon 925-P; 16201701;
Multi 3620 IDS; 22490970;4;20.08.2026 10:36:21;29.2;µS/cm;Cond;-0.1;°C;Temp;;;C = 0.475 1/cm   Tref25   nLF;TetraCon 925-P; 16201701;
Multi 3620 IDS; 22490970;4;20.08.2026 10:36:22;28.4;µS/cm;Cond;-0.1;°C;Temp;;;C = 0.475 1/cm   Tref25   nLF;TetraCon 925-P; 16201701;
Multi 3620 IDS; 22490970;4;20.08.2026 10:36:23;27.4;µS/cm;Cond;-0.1;°C;Temp;;;C = 0.475 1/cm   Tref25   nLF;TetraCon 925-P; 16201701;
Multi 3620 IDS; 22490970;4;20.08.2026 10:36:24;27.1;µS/cm;Cond;-0.1;°C;Temp;;;C = 0.475 1/cm   Tref25   nLF;TetraCon 925-P; 16201701;
Multi 3620 IDS; 22490970;4;20.08.2026 10:36:25;26.9;µS/cm;Cond;-0.1;°C;Temp;;;C = 0.475 1/cm   Tref25   nLF;TetraCon 925-P; 16201701;
Multi 3620 IDS; 22490970;4;20.08.2026 10:36:26;25.3;µS/cm;Cond;-0.1;°C;Temp;;;C = 0.475 1/cm   Tref25   nLF;TetraCon 925-P; 16201701;
Multi 3620 IDS; 22490970;4;20.08.2026 10:36:27;23.8;µS/cm;Cond;-0.1;°C;Temp;;;C = 0.475 1/cm   Tref25   nLF;TetraCon 925-P; 16201701;
Multi 3620 IDS; 22490970;4;20.08.2026 10:36:28;22.8;µS/cm;Cond;-0.1;°C;Temp;;;C = 0.475 1/cm   Tref25   nLF;TetraCon 925-P; 16201701;
Multi 3620 IDS; 22490970;4;20.08.2026 10:36:29;22.1;µS/cm;Cond;-0.1;°C;Temp;;;C = 0.475 1/cm   Tref25   nLF;TetraCon 925-P; 16201701;
Multi 3620 IDS; 22490970;4;20.08.2026 10:36:30;20.5;µS/cm;Cond;-0.1;°C;Temp;;;C = 0.475 1/cm   Tref25   nLF;TetraCon 925-P; 16201701;
Multi 3620 IDS; 22490970;4;20.08.2026 10:36:31;19.6;µS/cm;Cond;-0.1;°C;Temp;;;C = 0.475 1/cm   Tref25   nLF;TetraCon 925-P; 16201701;
Multi 3620 IDS; 22490970;4;20.08.2026 10:36:32;18.7;µS/cm;Cond;-0.1;°C;Temp;;;C = 0.475 1/cm   Tref25   nLF;TetraCon 925-P; 16201701;
Multi 3620 IDS; 22490970;4;20.08.2026 10:36:33;18.4;µS/cm;Cond;-0.1;°C;Temp;;;C = 0.475 1/cm   Tref25   nLF;TetraCon 925-P; 16201701;
Multi 3620 IDS; 22490970;4;20.08.2026 10:36:34;17.9;µS/cm;Cond;-0.1;°C;Temp;;;C = 0.475 1/cm   Tref25   nLF;TetraCon 925-P; 16201701;
Multi 3620 IDS; 22490970;4;20.08.2026 10:36:35;16.9;µS/cm;Cond;-0.1;°C;Temp;;;C = 0.475 1/cm   Tref25   nLF;TetraCon 925-P; 16201701;
Multi 3620 IDS; 22490970;4;20.08.2026 10:36:36;16.0;µS/cm;Cond;-0.1;°C;Temp;;;C = 0.475 1/cm   Tref25   nLF;TetraCon 925-P; 16201701;
Multi 3620 IDS; 22490970;4;20.08.2026 10:36:37;15.7;µS/cm;Cond;-0.1;°C;Temp;;;C = 0.475 1/cm   Tref25   nLF;TetraCon 925-P; 16201701;
Multi 3620 IDS; 22490970;4;20.08.2026 10:36:38;14.8;µS/cm;Cond;-0.1;°C;Temp;;;C = 0.475 1/cm   Tref25   nLF;TetraCon 925-P; 16201701;
Multi 3620 IDS; 22490970;4;20.08.2026 10:36:39;14.3;µS/cm;Cond;-0.1;°C;Temp;;;C = 0.475 1/cm   Tref25   nLF;TetraCon 925-P; 16201701;
Multi 3620 IDS; 22490970;4;20.08.2026 10:36:40;13.7;µS/cm;Cond;-0.1;°C;Temp;;;C = 0.475 1/cm   Tref25   nLF;TetraCon 925-P; 16201701;
Multi 3620 IDS; 22490970;4;20.08.2026 10:36:41;13.4;µS/cm;Cond;-0.1;°C;Temp;;;C = 0.475 1/cm   Tref25   nLF;TetraCon 925-P; 16201701;
Multi 3620 IDS; 22490970;4;20.08.2026 10:36:42;13.3;µS/cm;Cond;-0.1;°C;Temp;;;C = 0.475 1/cm   Tref25   nLF;TetraCon 925-P; 16201701;
Multi 3620 IDS; 22490970;4;20.08.2026 10:36:43;12.4;µS/cm;Cond;-0.1;°C;Temp;;;C = 0.475 1/cm   Tref25   nLF;TetraCon 925-P; 16201701;
Multi 3620 IDS; 22490970;4;20.08.2026 10:36:44;12.1;µS/cm;Cond;-0.1;°C;Temp;;;C = 0.475 1/cm   Tref25   nLF;TetraCon 925-P; 16201701;
Multi 3620 IDS; 22490970;4;20.08.2026 10:36:45;11.3;µS/cm;Cond;-0.1;°C;Temp;;;C = 0.475 1/cm   Tref25   nLF;TetraCon 925-P; 16201701;
Multi 3620 IDS; 22490970;4;20.08.2026 10:36:46;10.6;µS/cm;Cond;-0.1;°C;Temp;;;C = 0.475 1/cm   Tref25   nLF;TetraCon 925-P; 16201701;
Multi 3620 IDS; 22490970;4;20.08.2026 10:36:47;10.6;µS/cm;Cond;-0.1;°C;Temp;;;C = 0.475 1/cm   Tref25   nLF;TetraCon 925-P; 16201701;
Multi 3620 IDS; 22490970;4;20.08.2026 10:36:48;10.2;µS/cm;Cond;-0.1;°C;Temp;;;C = 0.475 1/cm   Tref25   nLF;TetraCon 925-P; 16201701;
Multi 3620 IDS; 22490970;4;20.08.2026 10:36:49;9.7;µS/cm;Cond;-0.1;°C;Temp;;;C = 0.475 1/cm   Tref25   nLF;TetraCon 925-P; 16201701;
Multi 3620 IDS; 22490970;4;20.08.2026 10:36:50;9.4;µS/cm;Cond;-0.1;°C;Temp;;;C = 0.475 1/cm   Tref25   nLF;TetraCon 925-P; 16201701;
Multi 3620 IDS; 22490970;4;20.08.2026 10:36:51;9.2;µS/cm;Cond;-0.1;°C;Temp;;;C = 0.475 1/cm   Tref25   nLF;TetraCon 925-P; 16201701;
Multi 3620 IDS; 22490970;4;20.08.2026 10:36:52;9.2;µS/cm;Cond;-0.1;°C;Temp;;;C = 0.475 1/cm   Tref25   nLF;TetraCon 925-P; 16201701;
Multi 3620 IDS; 22490970;4;20.08.2026 10:36:53;8.9;µS/cm;Cond;-0.1;°C;Temp;;;C = 0.475 1/cm   Tref25   nLF;TetraCon 925-P; 16201701;
Multi 3620 IDS; 22490970;4;20.08.2026 10:36:54;8.6;µS/cm;Cond;-0.1;°C;Temp;;;C = 0.475 1/cm   Tref25   nLF;TetraCon 925-P; 16201701;
Multi 3620 IDS; 22490970;4;20.08.2026 10:36:55;8.0;µS/cm;Cond;-0.1;°C;Temp;;;C = 0.475 1/cm   Tref25   nLF;TetraCon 925-P; 16201701;
Multi 3620 IDS; 22490970;4;20.08.2026 10:36:56;7.7;µS/cm;Cond;-0.1;°C;Temp;;;C = 0.475 1/cm   Tref25   nLF;TetraCon 925-P; 16201701;
Multi 3620 IDS; 22490970;4;20.08.2026 10:36:57;7.4;µS/cm;Cond;-0.1;°C;Temp;;;C = 0.475 1/cm   Tref25   nLF;TetraCon 925-P; 16201701;
Multi 3620 IDS; 22490970;4;20.08.2026 10:36:58;7.4;µS/cm;Cond;-0.1;°C;Temp;;;C = 0.475 1/cm   Tref25   nLF;TetraCon 925-P; 16201701;
Multi 3620 IDS; 22490970;4;20.08.2026 10:36:59;7.4;µS/cm;Cond;-0.1;°C;Temp;;;C = 0.475 1/cm   Tref25   nLF;TetraCon 925-P; 16201701;
Multi 3620 IDS; 22490970;4;20.08.2026 10:37:00;6.9;µS/cm;Cond;-0.1;°C;Temp;;;C = 0.475 1/cm   Tref25   nLF;TetraCon 925-P; 16201701;
Multi 3620 IDS; 22490970;4;20.08.2026 10:37:01;6.3;µS/cm;Cond;-0.1;°C;Temp;;;C = 0.475 1/cm   Tref25   nLF;TetraCon 925-P; 16201701;
Multi 3620 IDS; 22490970;4;20.08.2026 10:37:02;6.0;µS/cm;Cond;-0.1;°C;Temp;;;C = 0.475 1/cm   Tref25   nLF;TetraCon 925-P; 16201701;
Multi 3620 IDS; 22490970;4;20.08.2026 10:37:03;6.0;µS/cm;Cond;-0.1;°C;Temp;;;C = 0.475 1/cm   Tref25   nLF;TetraCon 925-P; 16201701;
Multi 3620 IDS; 22490970;4;20.08.2026 10:37:04;5.9;µS/cm;Cond;-0.1;°C;Temp;;;C = 0.475 1/cm   Tref25   nLF;TetraCon 925-P; 16201701;
Multi 3620 IDS; 22490970;4;20.08.2026 10:37:05;5.8;µS/cm;Cond;-0.1;°C;Temp;;;C = 0.475 1/cm   Tref25   nLF;TetraCon 925-P; 16201701;
Multi 3620 IDS; 22490970;4;20.08.2026 10:37:06;5.6;µS/cm;Cond;-0.1;°C;Temp;;;C = 0.475 1/cm   Tref25   nLF;TetraCon 925-P; 16201701;
Multi 3620 IDS; 22490970;4;20.08.2026 10:37:07;5.6;µS/cm;Cond;-0.1;°C;Temp;;;C = 0.475 1/cm   Tref25   nLF;TetraCon 925-P; 16201701;
Multi 3620 IDS; 22490970;4;20.08.2026 10:37:08;5.6;µS/cm;Cond;-0.1;°C;Temp;;;C = 0.475 1/cm   Tref25   nLF;TetraCon 925-P; 16201701;
Multi 3620 IDS; 22490970;4;20.08.2026 10:37:09;5.5;µS/cm;Cond;-0.1;°C;Temp;;;C = 0.475 1/cm   Tref25   nLF;TetraCon 925-P; 16201701;
Multi 3620 IDS; 22490970;4;20.08.2026 10:37:10;5.2;µS/cm;Cond;-0.1;°C;Temp;;;C = 0.475 1/cm   Tref25   nLF;TetraCon 925-P; 16201701;
Multi 3620 IDS; 22490970;4;20.08.2026 10:37:11;5.0;µS/cm;Cond;-0.1;°C;Temp;;;C = 0.475 1/cm   Tref25   nLF;TetraCon 925-P; 16201701;
Multi 3620 IDS; 22490970;4;20.08.2026 10:37:12;5.0;µS/cm;Cond;-0.1;°C;Temp;;;C = 0.475 1/cm   Tref25   nLF;TetraCon 925-P; 16201701;
Multi 3620 IDS; 22490970;4;20.08.2026 10:37:13;4.9;µS/cm;Cond;-0.1;°C;Temp;;;C = 0.475 1/cm   Tref25   nLF;TetraCon 925-P; 16201701;
Multi 3620 IDS; 22490970;4;20.08.2026 10:37:14;4.7;µS/cm;Cond;-0.1;°C;Temp;;;C = 0.475 1/cm   Tref25   nLF;TetraCon 925-P; 16201701;
Multi 3620 IDS; 22490970;4;20.08.2026 10:37:15;4.5;µS/cm;Cond;-0.1;°C;Temp;;;C = 0.475 1/cm   Tref25   nLF;TetraCon 925-P; 16201701;
Multi 3620 IDS; 22490970;4;20.08.2026 10:37:16;4.4;µS/cm;Cond;-0.1;°C;Temp;;;C = 0.475 1/cm   Tref25   nLF;TetraCon 925-P; 16201701;
Multi 3620 IDS; 22490970;4;20.08.2026 10:37:17;4.4;µS/cm;Cond;-0.1;°C;Temp;;;C = 0.475 1/cm   Tref25   nLF;TetraCon 925-P; 16201701;
Multi 3620 IDS; 22490970;4;20.08.2026 10:37:18;4.2;µS/cm;Cond;-0.1;°C;Temp;;;C = 0.475 1/cm   Tref25   nLF;TetraCon 925-P; 16201701;
Multi 3620 IDS; 22490970;4;20.08.2026 10:37:19;4.0;µS/cm;Cond;-0.1;°C;Temp;;;C = 0.475 1/cm   Tref25   nLF;TetraCon 925-P; 16201701;
Multi 3620 IDS; 22490970;4;20.08.2026 10:37:20;4.0;µS/cm;Cond;-0.1;°C;Temp;;;C = 0.475 1/cm   Tref25   nLF;TetraCon 925-P; 16201701;
Multi 3620 IDS; 22490970;4;20.08.2026 10:37:21;4.0;µS/cm;Cond;-0.1;°C;Temp;;;C = 0.475 1/cm   Tref25   nLF;TetraCon 925-P; 16201701;
Multi 3620 IDS; 22490970;4;20.08.2026 10:37:22;4.0;µS/cm;Cond;-0.1;°C;Temp;;;C = 0.475 1/cm   Tref25   nLF;TetraCon 925-P; 16201701;
Multi 3620 IDS; 22490970;4;20.08.2026 10:37:23;3.9;µS/cm;Cond;-0.1;°C;Temp;;;C = 0.475 1/cm   Tref25   nLF;TetraCon 925-P; 16201701;
Multi 3620 IDS; 22490970;4;20.08.2026 10:37:24;3.8;µS/cm;Cond;-0.1;°C;Temp;;;C = 0.475 1/cm   Tref25   nLF;TetraCon 925-P; 16201701;
Multi 3620 IDS; 22490970;4;20.08.2026 10:37:25;3.7;µS/cm;Cond;-0.1;°C;Temp;;;C = 0.475 1/cm   Tref25   nLF;TetraCon 925-P; 16201701;
Multi 3620 IDS; 22490970;4;20.08.2026 10:37:26;3.6;µS/cm;Cond;-0.1;°C;Temp;;;C = 0.475 1/cm   Tref25   nLF;TetraCon 925-P; 16201701;
Multi 3620 IDS; 22490970;4;20.08.2026 10:37:27;3.6;µS/cm;Cond;-0.1;°C;Temp;;;C = 0.475 1/cm   Tref25   nLF;TetraCon 925-P; 16201701;
Multi 3620 IDS; 22490970;4;20.08.2026 10:37:28;3.5;µS/cm;Cond;-0.1;°C;Temp;;;C = 0.475 1/cm   Tref25   nLF;TetraCon 925-P; 16201701;
Multi 3620 IDS; 22490970;4;20.08.2026 10:37:29;3.5;µS/cm;Cond;-0.1;°C;Temp;;;C = 0.475 1/cm   Tref25   nLF;TetraCon 925-P; 16201701;
Multi 3620 IDS; 22490970;4;20.08.2026 10:37:30;3.4;µS/cm;Cond;-0.1;°C;Temp;;;C = 0.475 1/cm   Tref25   nLF;TetraCon 925-P; 16201701;
Multi 3620 IDS; 22490970;4;20.08.2026 10:37:31;3.3;µS/cm;Cond;-0.1;°C;Temp;;;C = 0.475 1/cm   Tref25   nLF;TetraCon 925-P; 16201701;
Multi 3620 IDS; 22490970;4;20.08.2026 10:37:32;3.3;µS/cm;Cond;-0.1;°C;Temp;;;C = 0.475 1/cm   Tref25   nLF;TetraCon 925-P; 16201701;
Multi 3620 IDS; 22490970;4;20.08.2026 10:37:33;3.2;µS/cm;Cond;-0.1;°C;Temp;;;C = 0.475 1/cm   Tref25   nLF;TetraCon 925-P; 16201701;
Multi 3620 IDS; 22490970;4;20.08.2026 10:37:34;3.2;µS/cm;Cond;-0.1;°C;Temp;;;C = 0.475 1/cm   Tref25   nLF;TetraCon 925-P; 16201701;
Multi 3620 IDS; 22490970;4;20.08.2026 10:37:35;3.2;µS/cm;Cond;-0.1;°C;Temp;;;C = 0.475 1/cm   Tref25   nLF;TetraCon 925-P; 16201701;
Multi 3620 IDS; 22490970;4;20.08.2026 10:37:36;3.1;µS/cm;Cond;-0.1;°C;Temp;;;C = 0.475 1/cm   Tref25   nLF;TetraCon 925-P; 16201701;
Multi 3620 IDS; 22490970;4;20.08.2026 10:37:37;3.0;µS/cm;Cond;-0.1;°C;Temp;;;C = 0.475 1/cm   Tref25   nLF;TetraCon 925-P; 16201701;
Multi 3620 IDS; 22490970;4;20.08.2026 10:37:38;3.0;µS/cm;Cond;-0.1;°C;Temp;;;C = 0.475 1/cm   Tref25   nLF;TetraCon 925-P; 16201701;
Multi 3620 IDS; 22490970;4;20.08.2026 10:37:39;2.9;µS/cm;Cond;-0.1;°C;Temp;;;C = 0.475 1/cm   Tref25   nLF;TetraCon 925-P; 16201701;
Multi 3620 IDS; 22490970;4;20.08.2026 10:37:40;2.9;µS/cm;Cond;-0.1;°C;Temp;;;C = 0.475 1/cm   Tref25   nLF;TetraCon 925-P; 16201701;
Multi 3620 IDS; 22490970;4;20.08.2026 10:37:41;2.9;µS/cm;Cond;-0.1;°C;Temp;;;C = 0.475 1/cm   Tref25   nLF;TetraCon 925-P; 16201701;
Multi 3620 IDS; 22490970;4;20.08.2026 10:37:42;2.9;µS/cm;Cond;-0.1;°C;Temp;;;C = 0.475 1/cm   Tref25   nLF;TetraCon 925-P; 16201701;
Multi 3620 IDS; 22490970;4;20.08.2026 10:37:43;2.8;µS/cm;Cond;-0.1;°C;Temp;;;C = 0.475 1/cm   Tref25   nLF;TetraCon 925-P; 16201701;
Multi 3620 IDS; 22490970;4;20.08.2026 10:37:44;2.8;µS/cm;Cond;-0.1;°C;Temp;;;C = 0.475 1/cm   Tref25   nLF;TetraCon 925-P; 16201701;
Multi 3620 IDS; 22490970;4;20.08.2026 10:37:45;2.7;µS/cm;Cond;-0.1;°C;Temp;;;C = 0.475 1/cm   Tref25   nLF;TetraCon 925-P; 16201701;
Multi 3620 IDS; 22490970;4;20.08.2026 10:37:46;2.7;µS/cm;Cond;-0.1;°C;Temp;;;C = 0.475 1/cm   Tref25   nLF;TetraCon 925-P; 16201701;
Multi 3620 IDS; 22490970;4;20.08.2026 10:37:47;2.7;µS/cm;Cond;-0.1;°C;Temp;;;C = 0.475 1/cm   Tref25   nLF;TetraCon 925-P; 16201701;
Multi 3620 IDS; 22490970;4;20.08.2026 10:37:48;2.7;µS/cm;Cond;-0.1;°C;Temp;;;C = 0.475 1/cm   Tref25   nLF;TetraCon 925-P; 16201701;
Multi 3620 IDS; 22490970;4;20.08.2026 10:37:49;2.6;µS/cm;Cond;-0.1;°C;Temp;;;C = 0.475 1/cm   Tref25   nLF;TetraCon 925-P; 16201701;
Multi 3620 IDS; 22490970;4;20.08.2026 10:37:50;2.6;µS/cm;Cond;-0.1;°C;Temp;;;C = 0.475 1/cm   Tref25   nLF;TetraCon 925-P; 16201701;
Multi 3620 IDS; 22490970;4;20.08.2026 10:37:51;2.6;µS/cm;Cond;-0.1;°C;Temp;;;C = 0.475 1/cm   Tref25   nLF;TetraCon 925-P; 16201701;
Multi 3620 IDS; 22490970;4;20.08.2026 10:37:52;2.5;µS/cm;Cond;-0.1;°C;Temp;;;C = 0.475 1/cm   Tref25   nLF;TetraCon 925-P; 16201701;
Multi 3620 IDS; 22490970;4;20.08.2026 10:37:53;2.5;µS/cm;Cond;-0.1;°C;Temp;;;C = 0.475 1/cm   Tref25   nLF;TetraCon 925-P; 16201701;
Multi 3620 IDS; 22490970;4;20.08.2026 10:37:54;2.5;µS/cm;Cond;-0.1;°C;Temp;;;C = 0.475 1/cm   Tref25   nLF;TetraCon 925-P; 16201701;
Multi 3620 IDS; 22490970;4;20.08.2026 10:37:55;2.5;µS/cm;Cond;-0.1;°C;Temp;;;C = 0.475 1/cm   Tref25   nLF;TetraCon 925-P; 16201701;
Multi 3620 IDS; 22490970;4;20.08.2026 10:37:56;2.5;µS/cm;Cond;-0.1;°C;Temp;;;C = 0.475 1/cm   Tref25   nLF;TetraCon 925-P; 16201701;
Multi 3620 IDS; 22490970;4;20.08.2026 10:37:57;2.5;µS/cm;Cond;-0.1;°C;Temp;;;C = 0.475 1/cm   Tref25   nLF;TetraCon 925-P; 16201701;
Multi 3620 IDS; 22490970;4;20.08.2026 10:37:58;2.4;µS/cm;Cond;-0.1;°C;Temp;;;C = 0.475 1/cm   Tref25   nLF;TetraCon 925-P; 16201701;
Multi 3620 IDS; 22490970;4;20.08.2026 10:37:59;2.4;µS/cm;Cond;-0.1;°C;Temp;;;C = 0.475 1/cm   Tref25   nLF;TetraCon 925-P; 16201701;
Multi 3620 IDS; 22490970;4;20.08.2026 10:38:00;2.4;µS/cm;Cond;-0.1;°C;Temp;;;C = 0.475 1/cm   Tref25   nLF;TetraCon 925-P; 16201701;
Multi 3620 IDS; 22490970;4;20.08.2026 10:38:01;2.4;µS/cm;Cond;-0.1;°C;Temp;;;C = 0.475 1/cm   Tref25   nLF;TetraCon 925-P; 16201701;
Multi 3620 IDS; 22490970;4;20.08.2026 10:38:02;2.4;µS/cm;Cond;-0.1;°C;Temp;;;C = 0.475 1/cm   Tref25   nLF;TetraCon 925-P; 16201701;
Multi 3620 IDS; 22490970;4;20.08.2026 10:38:03;2.4;µS/cm;Cond;-0.1;°C;Temp;;;C = 0.475 1/cm   Tref25   nLF;TetraCon 925-P; 16201701;
Multi 3620 IDS; 22490970;4;20.08.2026 10:38:04;2.4;µS/cm;Cond;-0.1;°C;Temp;;;C = 0.475 1/cm   Tref25   nLF;TetraCon 925-P; 16201701;
Multi 3620 IDS; 22490970;4;20.08.2026 10:38:05;2.4;µS/cm;Cond;-0.1;°C;Temp;;;C = 0.475 1/cm   Tref25   nLF;TetraCon 925-P; 16201701;
Multi 3620 IDS; 22490970;4;20.08.2026 10:38:06;2.3;µS/cm;Cond;-0.1;°C;Temp;;;C = 0.475 1/cm   Tref25   nLF;TetraCon 925-P; 16201701;
Multi 3620 IDS; 22490970;4;20.08.2026 10:38:07;2.3;µS/cm;Cond;-0.1;°C;Temp;;;C = 0.475 1/cm   Tref25   nLF;TetraCon 925-P; 16201701;
Multi 3620 IDS; 22490970;4;20.08.2026 10:38:08;2.3;µS/cm;Cond;-0.1;°C;Temp;;;C = 0.475 1/cm   Tref25   nLF;TetraCon 925-P; 16201701;
Multi 3620 IDS; 22490970;4;20.08.2026 10:38:09;2.2;µS/cm;Cond;-0.1;°C;Temp;;;C = 0.475 1/cm   Tref25   nLF;TetraCon 925-P; 16201701;
Multi 3620 IDS; 22490970;4;20.08.2026 10:38:10;2.2;µS/cm;Cond;-0.1;°C;Temp;;;C = 0.475 1/cm   Tref25   nLF;TetraCon 925-P; 16201701;
Multi 3620 IDS; 22490970;4;20.08.2026 10:38:11;2.2;µS/cm;Cond;-0.1;°C;Temp;;;C = 0.475 1/cm   Tref25   nLF;TetraCon 925-P; 16201701;
Multi 3620 IDS; 22490970;4;20.08.2026 10:38:12;2.2;µS/cm;Cond;-0.1;°C;Temp;;;C = 0.475 1/cm   Tref25   nLF;TetraCon 925-P; 16201701;
Multi 3620 IDS; 22490970;4;20.08.2026 10:38:13;2.2;µS/cm;Cond;-0.1;°C;Temp;;;C = 0.475 1/cm   Tref25   nLF;TetraCon 925-P; 16201701;
Multi 3620 IDS; 22490970;4;20.08.2026 10:38:14;2.2;µS/cm;Cond;-0.1;°C;Temp;;;C = 0.475 1/cm   Tref25   nLF;TetraCon 925-P; 16201701;
Multi 3620 IDS; 22490970;4;20.08.2026 10:38:15;2.2;µS/cm;Cond;-0.1;°C;Temp;;;C = 0.475 1/cm   Tref25   nLF;TetraCon 925-P; 16201701;
Multi 3620 IDS; 22490970;4;20.08.2026 10:38:16;2.2;µS/cm;Cond;-0.1;°C;Temp;;;C = 0.475 1/cm   Tref25   nLF;TetraCon 925-P; 16201701;
Multi 3620 IDS; 22490970;4;20.08.2026 10:38:17;2.2;µS/cm;Cond;-0.1;°C;Temp;;;C = 0.475 1/cm   Tref25   nLF;TetraCon 925-P; 16201701;
Multi 3620 IDS; 22490970;4;20.08.2026 10:38:18;2.2;µS/cm;Cond;-0.1;°C;Temp;AR;;C = 0.475 1/cm   Tref25   nLF;TetraCon 925-P; 16201701;
Multi 3620 IDS; 22490970;4;20.08.2026 10:38:19;2.1;µS/cm;Cond;-0.1;°C;Temp;AR;;C = 0.475 1/cm   Tref25   nLF;TetraCon 925-P; 16201701;
Multi 3620 IDS; 22490970;4;20.08.2026 10:38:20;2.1;µS/cm;Cond;-0.1;°C;Temp;AR;;C = 0.475 1/cm   Tref25   nLF;TetraCon 925-P; 16201701;
Multi 3620 IDS; 22490970;4;20.08.2026 10:38:21;2.1;µS/cm;Cond;-0.1;°C;Temp;AR;;C = 0.475 1/cm   Tref25   nLF;TetraCon 925-P; 16201701;
Multi 3620 IDS; 22490970;4;20.08.2026 10:38:22;2.1;µS/cm;Cond;-0.1;°C;Temp;AR;;C = 0.475 1/cm   Tref25   nLF;TetraCon 925-P; 16201701;
Multi 3620 IDS; 22490970;4;20.08.2026 10:38:23;2.1;µS/cm;Cond;-0.1;°C;Temp;AR;;C = 0.475 1/cm   Tref25   nLF;TetraCon 925-P; 16201701;
Multi 3620 IDS; 22490970;4;20.08.2026 10:38:24;2.1;µS/cm;Cond;-0.1;°C;Temp;AR;;C = 0.475 1/cm   Tref25   nLF;TetraCon 925-P; 16201701;
Multi 3620 IDS; 22490970;4;20.08.2026 10:38:25;2.1;µS/cm;Cond;-0.1;°C;Temp;AR;;C = 0.475 1/cm   Tref25   nLF;TetraCon 925-P; 16201701;
Multi 3620 IDS; 22490970;4;20.08.2026 10:38:26;2.1;µS/cm;Cond;-0.1;°C;Temp;AR;;C = 0.475 1/cm   Tref25   nLF;TetraCon 925-P; 16201701;
Multi 3620 IDS; 22490970;4;20.08.2026 10:38:27;2.1;µS/cm;Cond;-0.1;°C;Temp;AR;;C = 0.475 1/cm   Tref25   nLF;TetraCon 925-P; 16201701;
Multi 3620 IDS; 22490970;4;20.08.2026 10:38:28;2.1;µS/cm;Cond;-0.1;°C;Temp;AR;;C = 0.475 1/cm   Tref25   nLF;TetraCon 925-P; 16201701;
Multi 3620 IDS; 22490970;4;20.08.2026 10:38:29;2.1;µS/cm;Cond;-0.1;°C;Temp;AR;;C = 0.475 1/cm   Tref25   nLF;TetraCon 925-P; 16201701;
Multi 3620 IDS; 22490970;4;20.08.2026 10:38:30;2.1;µS/cm;Cond;-0.1;°C;Temp;AR;;C = 0.475 1/cm   Tref25   nLF;TetraCon 925-P; 16201701;
Multi 3620 IDS; 22490970;4;20.08.2026 10:38:31;2.1;µS/cm;Cond;-0.1;°C;Temp;AR;;C = 0.475 1/cm   Tref25   nLF;TetraCon 925-P; 16201701;
Multi 3620 IDS; 22490970;4;20.08.2026 10:38:32;2.0;µS/cm;Cond;-0.1;°C;Temp;AR;;C = 0.475 1/cm   Tref25   nLF;TetraCon 925-P; 16201701;
Multi 3620 IDS; 22490970;4;20.08.2026 10:38:33;2.0;µS/cm;Cond;-0.1;°C;Temp;AR;;C = 0.475 1/cm   Tref25   nLF;TetraCon 925-P; 16201701;
Multi 3620 IDS; 22490970;4;20.08.2026 10:38:34;2.0;µS/cm;Cond;-0.1;°C;Temp;AR;;C = 0.475 1/cm   Tref25   nLF;TetraCon 925-P; 16201701;
Multi 3620 IDS; 22490970;4;20.08.2026 10:38:35;2.0;µS/cm;Cond;-0.1;°C;Temp;AR;;C = 0.475 1/cm   Tref25   nLF;TetraCon 925-P; 16201701;
Multi 3620 IDS; 22490970;4;20.08.2026 10:38:36;2.0;µS/cm;Cond;-0.1;°C;Temp;AR;;C = 0.475 1/cm   Tref25   nLF;TetraCon 925-P; 16201701;
Multi 3620 IDS; 22490970;4;20.08.2026 10:38:37;2.0;µS/cm;Cond;-0.1;°C;Temp;AR;;C = 0.475 1/cm   Tref25   nLF;TetraCon 925-P; 16201701;
Multi 3620 IDS; 22490970;4;20.08.2026 10:38:38;2.0;µS/cm;Cond;-0.1;°C;Temp;AR;;C = 0.475 1/cm   Tref25   nLF;TetraCon 925-P; 16201701;
Multi 3620 IDS; 22490970;4;20.08.2026 10:38:39;2.0;µS/cm;Cond;-0.1;°C;Temp;AR;;C = 0.475 1/cm   Tref25   nLF;TetraCon 925-P; 16201701;
Multi 3620 IDS; 22490970;4;20.08.2026 10:38:40;2.0;µS/cm;Cond;-0.1;°C;Temp;AR;;C = 0.475 1/cm   Tref25   nLF;TetraCon 925-P; 16201701;
Multi 3620 IDS; 22490970;4;20.08.2026 10:38:41;2.0;µS/cm;Cond;-0.1;°C;Temp;AR;;C = 0.475 1/cm   Tref25   nLF;TetraCon 925-P; 16201701;
Multi 3620 IDS; 22490970;4;20.08.2026 10:38:42;2.0;µS/cm;Cond;-0.1;°C;Temp;AR;;C = 0.475 1/cm   Tref25   nLF;TetraCon 925-P; 16201701;
Multi 3620 IDS; 22490970;4;20.08.2026 10:38:43;2.0;µS/cm;Cond;-0.1;°C;Temp;AR;;C = 0.475 1/cm   Tref25   nLF;TetraCon 925-P; 16201701;
Multi 3620 IDS; 22490970;4;20.08.2026 10:38:44;2.0;µS/cm;Cond;-0.1;°C;Temp;AR;;C = 0.475 1/cm   Tref25   nLF;TetraCon 925-P; 16201701;
Multi 3620 IDS; 22490970;4;20.08.2026 10:38:45;2.0;µS/cm;Cond;-0.1;°C;Temp;AR;;C = 0.475 1/cm   Tref25   nLF;TetraCon 925-P; 16201701;
Multi 3620 IDS; 22490970;4;20.08.2026 10:38:46;2.0;µS/cm;Cond;-0.1;°C;Temp;AR;;C = 0.475 1/cm   Tref25   nLF;TetraCon 925-P; 16201701;
Multi 3620 IDS; 22490970;4;20.08.2026 10:38:47;2.0;µS/cm;Cond;-0.1;°C;Temp;AR;;C = 0.475 1/cm   Tref25   nLF;TetraCon 925-P; 16201701;
Multi 3620 IDS; 22490970;4;20.08.2026 10:38:48;2.0;µS/cm;Cond;-0.1;°C;Temp;AR;;C = 0.475 1/cm   Tref25   nLF;TetraCon 925-P; 16201701;
Multi 3620 IDS; 22490970;4;20.08.2026 10:38:49;2.0;µS/cm;Cond;-0.1;°C;Temp;AR;;C = 0.475 1/cm   Tref25   nLF;TetraCon 925-P; 16201701;
Multi 3620 IDS; 22490970;4;20.08.2026 10:38:50;2.0;µS/cm;Cond;-0.1;°C;Temp;AR;;C = 0.475 1/cm   Tref25   nLF;TetraCon 925-P; 16201701;
Multi 3620 IDS; 22490970;4;20.08.2026 10:38:51;2.0;µS/cm;Cond;-0.1;°C;Temp;AR;;C = 0.475 1/cm   Tref25   nLF;TetraCon 925-P; 16201701;
Multi 3620 IDS; 22490970;4;20.08.2026 10:38:52;2.0;µS/cm;Cond;-0.1;°C;Temp;AR;;C = 0.475 1/cm   Tref25   nLF;TetraCon 925-P; 16201701;
Multi 3620 IDS; 22490970;4;20.08.2026 10:38:53;2.0;µS/cm;Cond;-0.1;°C;Temp;AR;;C = 0.475 1/cm   Tref25   nLF;TetraCon 925-P; 16201701;
Multi 3620 IDS; 22490970;4;20.08.2026 10:38:54;2.0;µS/cm;Cond;-0.1;°C;Temp;AR;;C = 0.475 1/cm   Tref25   nLF;TetraCon 925-P; 16201701;
Multi 3620 IDS; 22490970;4;20.08.2026 10:38:55;2.0;µS/cm;Cond;-0.1;°C;Temp;AR;;C = 0.475 1/cm   Tref25   nLF;TetraCon 925-P; 16201701;
Multi 3620 IDS; 22490970;4;20.08.2026 10:38:56;2.0;µS/cm;Cond;-0.1;°C;Temp;AR;;C = 0.475 1/cm   Tref25   nLF;TetraCon 925-P; 16201701;
Multi 3620 IDS; 22490970;4;20.08.2026 10:38:57;2.0;µS/cm;Cond;-0.1;°C;Temp;AR;;C = 0.475 1/cm   Tref25   nLF;TetraCon 925-P; 16201701;
Multi 3620 IDS; 22490970;4;20.08.2026 10:38:58;2.0;µS/cm;Cond;-0.1;°C;Temp;AR;;C = 0.475 1/cm   Tref25   nLF;TetraCon 925-P; 16201701;
Multi 3620 IDS; 22490970;4;20.08.2026 10:38:59;1.9;µS/cm;Cond;-0.1;°C;Temp;AR;;C = 0.475 1/cm   Tref25   nLF;TetraCon 925-P; 16201701;
Multi 3620 IDS; 22490970;4;20.08.2026 10:39:00;1.9;µS/cm;Cond;-0.1;°C;Temp;AR;;C = 0.475 1/cm   Tref25   nLF;TetraCon 925-P; 16201701;
Multi 3620 IDS; 22490970;4;20.08.2026 10:39:01;1.9;µS/cm;Cond;-0.1;°C;Temp;AR;;C = 0.475 1/cm   Tref25   nLF;TetraCon 925-P; 16201701;
Multi 3620 IDS; 22490970;4;20.08.2026 10:39:02;1.9;µS/cm;Cond;-0.1;°C;Temp;AR;;C = 0.475 1/cm   Tref25   nLF;TetraCon 925-P; 16201701;
Multi 3620 IDS; 22490970;4;20.08.2026 10:39:03;1.9;µS/cm;Cond;-0.1;°C;Temp;AR;;C = 0.475 1/cm   Tref25   nLF;TetraCon 925-P; 16201701;
Multi 3620 IDS; 22490970;4;20.08.2026 10:39:04;1.9;µS/cm;Cond;-0.1;°C;Temp;AR;;C = 0.475 1/cm   Tref25   nLF;TetraCon 925-P; 16201701;
Multi 3620 IDS; 22490970;4;20.08.2026 10:39:05;1.9;µS/cm;Cond;-0.1;°C;Temp;AR;;C = 0.475 1/cm   Tref25   nLF;TetraCon 925-P; 16201701;
Multi 3620 IDS; 22490970;4;20.08.2026 10:39:06;1.9;µS/cm;Cond;-0.1;°C;Temp;AR;;C = 0.475 1/cm   Tref25   nLF;TetraCon 925-P; 16201701;
Multi 3620 IDS; 22490970;4;20.08.2026 10:39:07;1.9;µS/cm;Cond;-0.1;°C;Temp;AR;;C = 0.475 1/cm   Tref25   nLF;TetraCon 925-P; 16201701;
Multi 3620 IDS; 22490970;4;20.08.2026 10:39:08;1.9;µS/cm;Cond;-0.1;°C;Temp;AR;;C = 0.475 1/cm   Tref25   nLF;TetraCon 925-P; 16201701;
Multi 3620 IDS; 22490970;4;20.08.2026 10:39:09;1.9;µS/cm;Cond;-0.1;°C;Temp;AR;;C = 0.475 1/cm   Tref25   nLF;TetraCon 925-P; 16201701;
Multi 3620 IDS; 22490970;4;20.08.2026 10:39:10;1.9;µS/cm;Cond;-0.1;°C;Temp;AR;;C = 0.475 1/cm   Tref25   nLF;TetraCon 925-P; 16201701;
Multi 3620 IDS; 22490970;4;20.08.2026 10:39:11;1.9;µS/cm;Cond;-0.1;°C;Temp;AR;;C = 0.475 1/cm   Tref25   nLF;TetraCon 925-P; 16201701;
Multi 3620 IDS; 22490970;4;20.08.2026 10:39:12;1.9;µS/cm;Cond;-0.1;°C;Temp;AR;;C = 0.475 1/cm   Tref25   nLF;TetraCon 925-P; 16201701;
Multi 3620 IDS; 22490970;4;20.08.2026 10:39:13;1.9;µS/cm;Cond;-0.1;°C;Temp;AR;;C = 0.475 1/cm   Tref25   nLF;TetraCon 925-P; 16201701;
Multi 3620 IDS; 22490970;4;20.08.2026 10:39:14;1.9;µS/cm;Cond;-0.1;°C;Temp;AR;;C = 0.475 1/cm   Tref25   nLF;TetraCon 925-P; 16201701;
Multi 3620 IDS; 22490970;4;20.08.2026 10:39:15;1.9;µS/cm;Cond;-0.1;°C;Temp;AR;;C = 0.475 1/cm   Tref25   nLF;TetraCon 925-P; 16201701;
Multi 3620 IDS; 22490970;4;20.08.2026 10:39:16;1.9;µS/cm;Cond;-0.1;°C;Temp;AR;;C = 0.475 1/cm   Tref25   nLF;TetraCon 925-P; 16201701;
Multi 3620 IDS; 22490970;4;20.08.2026 10:39:17;1.9;µS/cm;Cond;-0.1;°C;Temp;AR;;C = 0.475 1/cm   Tref25   nLF;TetraCon 925-P; 16201701;
Multi 3620 IDS; 22490970;4;20.08.2026 10:39:18;1.9;µS/cm;Cond;-0.1;°C;Temp;AR;;C = 0.475 1/cm   Tref25   nLF;TetraCon 925-P; 16201701;
Multi 3620 IDS; 22490970;4;20.08.2026 10:39:19;1.9;µS/cm;Cond;-0.1;°C;Temp;AR;;C = 0.475 1/cm   Tref25   nLF;TetraCon 925-P; 16201701;
Multi 3620 IDS; 22490970;4;20.08.2026 10:39:20;1.9;µS/cm;Cond;-0.1;°C;Temp;AR;;C = 0.475 1/cm   Tref25   nLF;TetraCon 925-P; 16201701;
Multi 3620 IDS; 22490970;4;20.08.2026 10:39:21;1.9;µS/cm;Cond;-0.1;°C;Temp;AR;;C = 0.475 1/cm   Tref25   nLF;TetraCon 925-P; 16201701;
Multi 3620 IDS; 22490970;4;20.08.2026 10:39:22;1.9;µS/cm;Cond;-0.1;°C;Temp;AR;;C = 0.475 1/cm   Tref25   nLF;TetraCon 925-P; 16201701;
Multi 3620 IDS; 22490970;4;20.08.2026 10:39:23;1.9;µS/cm;Cond;-0.1;°C;Temp;AR;;C = 0.475 1/cm   Tref25   nLF;TetraCon 925-P; 16201701;
Multi 3620 IDS; 22490970;4;20.08.2026 10:39:24;1.9;µS/cm;Cond;-0.1;°C;Temp;AR;;C = 0.475 1/cm   Tref25   nLF;TetraCon 925-P; 16201701;
Multi 3620 IDS; 22490970;4;20.08.2026 10:39:25;1.9;µS/cm;Cond;-0.1;°C;Temp;AR;;C = 0.475 1/cm   Tref25   nLF;TetraCon 925-P; 16201701;
Multi 3620 IDS; 22490970;4;20.08.2026 10:39:26;1.9;µS/cm;Cond;-0.1;°C;Temp;AR;;C = 0.475 1/cm   Tref25   nLF;TetraCon 925-P; 16201701;
Multi 3620 IDS; 22490970;4;20.08.2026 10:39:27;1.9;µS/cm;Cond;-0.1;°C;Temp;AR;;C = 0.475 1/cm   Tref25   nLF;TetraCon 925-P; 16201701;
Multi 3620 IDS; 22490970;4;20.08.2026 10:39:28;1.9;µS/cm;Cond;-0.1;°C;Temp;AR;;C = 0.475 1/cm   Tref25   nLF;TetraCon 925-P; 16201701;
Multi 3620 IDS; 22490970;4;20.08.2026 10:39:29;1.9;µS/cm;Cond;-0.1;°C;Temp;AR;;C = 0.475 1/cm   Tref25   nLF;TetraCon 925-P; 16201701;
Multi 3620 IDS; 22490970;4;20.08.2026 10:39:30;1.9;µS/cm;Cond;-0.1;°C;Temp;AR;;C = 0.475 1/cm   Tref25   nLF;TetraCon 925-P; 16201701;
Multi 3620 IDS; 22490970;4;20.08.2026 10:39:31;1.9;µS/cm;Cond;-0.1;°C;Temp;AR;;C = 0.475 1/cm   Tref25   nLF;TetraCon 925-P; 16201701;
Multi 3620 IDS; 22490970;4;20.08.2026 10:39:32;1.9;µS/cm;Cond;-0.1;°C;Temp;AR;;C = 0.475 1/cm   Tref25   nLF;TetraCon 925-P; 16201701;
Multi 3620 IDS; 22490970;4;20.08.2026 10:39:33;1.9;µS/cm;Cond;-0.1;°C;Temp;AR;;C = 0.475 1/cm   Tref25   nLF;TetraCon 925-P; 16201701;
Multi 3620 IDS; 22490970;4;20.08.2026 10:39:34;1.9;µS/cm;Cond;-0.1;°C;Temp;AR;;C = 0.475 1/cm   Tref25   nLF;TetraCon 925-P; 16201701;
Multi 3620 IDS; 22490970;4;20.08.2026 10:39:35;1.9;µS/cm;Cond;-0.1;°C;Temp;AR;;C = 0.475 1/cm   Tref25   nLF;TetraCon 925-P; 16201701;
Multi 3620 IDS; 22490970;4;20.08.2026 10:39:36;1.9;µS/cm;Cond;-0.1;°C;Temp;AR;;C = 0.475 1/cm   Tref25   nLF;TetraCon 925-P; 16201701;
Multi 3620 IDS; 22490970;4;20.08.2026 10:39:37;1.9;µS/cm;Cond;-0.1;°C;Temp;AR;;C = 0.475 1/cm   Tref25   nLF;TetraCon 925-P; 16201701;
Multi 3620 IDS; 22490970;4;20.08.2026 10:39:38;1.9;µS/cm;Cond;-0.1;°C;Temp;AR;;C = 0.475 1/cm   Tref25   nLF;TetraCon 925-P; 16201701;
Multi 3620 IDS; 22490970;4;20.08.2026 10:39:39;1.9;µS/cm;Cond;-0.1;°C;Temp;AR;;C = 0.475 1/cm   Tref25   nLF;TetraCon 925-P; 16201701;
Multi 3620 IDS; 22490970;4;20.08.2026 10:39:40;1.9;µS/cm;Cond;-0.1;°C;Temp;AR;;C = 0.475 1/cm   Tref25   nLF;TetraCon 925-P; 16201701;
Multi 3620 IDS; 22490970;4;20.08.2026 10:39:41;1.9;µS/cm;Cond;-0.1;°C;Temp;AR;;C = 0.475 1/cm   Tref25   nLF;TetraCon 925-P; 16201701;
Multi 3620 IDS; 22490970;4;20.08.2026 10:39:42;1.9;µS/cm;Cond;-0.1;°C;Temp;AR;;C = 0.475 1/cm   Tref25   nLF;TetraCon 925-P; 16201701;
Multi 3620 IDS; 22490970;4;20.08.2026 10:39:43;1.9;µS/cm;Cond;-0.1;°C;Temp;AR;;C = 0.475 1/cm   Tref25   nLF;TetraCon 925-P; 16201701;
Multi 3620 IDS; 22490970;4;20.08.2026 10:39:44;1.9;µS/cm;Cond;-0.1;°C;Temp;AR;;C = 0.475 1/cm   Tref25   nLF;TetraCon 925-P; 16201701;
Multi 3620 IDS; 22490970;4;20.08.2026 10:39:45;1.9;µS/cm;Cond;-0.1;°C;Temp;AR;;C = 0.475 1/cm   Tref25   nLF;TetraCon 925-P; 16201701;
Multi 3620 IDS; 22490970;4;20.08.2026 10:39:46;1.9;µS/cm;Cond;-0.1;°C;Temp;AR;;C = 0.475 1/cm   Tref25   nLF;TetraCon 925-P; 16201701;
Multi 3620 IDS; 22490970;4;20.08.2026 10:39:47;1.9;µS/cm;Cond;-0.1;°C;Temp;AR;;C = 0.475 1/cm   Tref25   nLF;TetraCon 925-P; 16201701;
Multi 3620 IDS; 22490970;4;20.08.2026 10:39:48;1.9;µS/cm;Cond;-0.1;°C;Temp;AR;;C = 0.475 1/cm   Tref25   nLF;TetraCon 925-P; 16201701;
Multi 3620 IDS; 22490970;4;20.08.2026 10:39:49;1.9;µS/cm;Cond;-0.1;°C;Temp;AR;;C = 0.475 1/cm   Tref25   nLF;TetraCon 925-P; 16201701;
Multi 3620 IDS; 22490970;4;20.08.2026 10:39:50;1.9;µS/cm;Cond;-0.1;°C;Temp;AR;;C = 0.475 1/cm   Tref25   nLF;TetraCon 925-P; 16201701;
Multi 3620 IDS; 22490970;4;20.08.2026 10:39:51;1.9;µS/cm;Cond;-0.1;°C;Temp;AR;;C = 0.475 1/cm   Tref25   nLF;TetraCon 925-P; 16201701;
Multi 3620 IDS; 22490970;4;20.08.2026 10:39:52;1.9;µS/cm;Cond;-0.1;°C;Temp;AR;;C = 0.475 1/cm   Tref25   nLF;TetraCon 925-P; 16201701;
Multi 3620 IDS; 22490970;4;20.08.2026 10:39:53;1.9;µS/cm;Cond;-0.1;°C;Temp;AR;;C = 0.475 1/cm   Tref25   nLF;TetraCon 925-P; 16201701;
Multi 3620 IDS; 22490970;4;20.08.2026 10:39:54;1.9;µS/cm;Cond;-0.1;°C;Temp;AR;;C = 0.475 1/cm   Tref25   nLF;TetraCon 925-P; 16201701;
Multi 3620 IDS; 22490970;4;20.08.2026 10:39:55;1.9;µS/cm;Cond;-0.1;°C;Temp;AR;;C = 0.475 1/cm   Tref25   nLF;TetraCon 925-P; 16201701;
Multi 3620 IDS; 22490970;4;20.08.2026 16:30:44;1.5;µS/cm;Cond;-0.1;°C;Temp;AR;;C = 0.475 1/cm   Tref25   nLF;TetraCon 925-P; 16201701;
Multi 3620 IDS; 22490970;4;20.08.2026 16:30:45;1.5;µS/cm;Cond;-0.1;°C;Temp;AR;;C = 0.475 1/cm   Tref25   nLF;TetraCon 925-P; 16201701;
Multi 3620 IDS; 22490970;4;20.08.2026 16:30:46;1.5;µS/cm;Cond;-0.1;°C;Temp;AR;;C = 0.475 1/cm   Tref25   nLF;TetraCon 925-P; 16201701;
Multi 3620 IDS; 22490970;4;20.08.2026 16:30:47;1.5;µS/cm;Cond;-0.1;°C;Temp;AR;;C = 0.475 1/cm   Tref25   nLF;TetraCon 925-P; 16201701;
Multi 3620 IDS; 22490970;4;20.08.2026 16:30:48;1.5;µS/cm;Cond;-0.1;°C;Temp;AR;;C = 0.475 1/cm   Tref25   nLF;TetraCon 925-P; 16201701;
Multi 3620 IDS; 22490970;4;20.08.2026 16:30:49;1.5;µS/cm;Cond;-0.1;°C;Temp;AR;;C = 0.475 1/cm   Tref25   nLF;TetraCon 925-P; 16201701;
Multi 3620 IDS; 22490970;4;20.08.2026 16:30:50;1.5;µS/cm;Cond;-0.1;°C;Temp;AR;;C = 0.475 1/cm   Tref25   nLF;TetraCon 925-P; 16201701;
Multi 3620 IDS; 22490970;4;20.08.2026 16:30:51;1.5;µS/cm;Cond;-0.1;°C;Temp;AR;;C = 0.475 1/cm   Tref25   nLF;TetraCon 925-P; 16201701;
Multi 3620 IDS; 22490970;4;20.08.2026 16:30:52;1.5;µS/cm;Cond;-0.1;°C;Temp;AR;;C = 0.475 1/cm   Tref25   nLF;TetraCon 925-P; 16201701;
Multi 3620 IDS; 22490970;4;20.08.2026 16:30:53;1.5;µS/cm;Cond;-0.1;°C;Temp;AR;;C = 0.475 1/cm   Tref25   nLF;TetraCon 925-P; 16201701;
Multi 3620 IDS; 22490970;4;20.08.2026 16:30:54;1.5;µS/cm;Cond;-0.1;°C;Temp;AR;;C = 0.475 1/cm   Tref25   nLF;TetraCon 925-P; 16201701;
Multi 3620 IDS; 22490970;4;20.08.2026 16:30:55;1.5;µS/cm;Cond;-0.1;°C;Temp;AR;;C = 0.475 1/cm   Tref25   nLF;TetraCon 925-P; 16201701;
Multi 3620 IDS; 22490970;4;20.08.2026 16:30:56;1.5;µS/cm;Cond;-0.1;°C;Temp;AR;;C = 0.475 1/cm   Tref25   nLF;TetraCon 925-P; 16201701;
Multi 3620 IDS; 22490970;4;20.08.2026 16:30:57;1.5;µS/cm;Cond;-0.1;°C;Temp;AR;;C = 0.475 1/cm   Tref25   nLF;TetraCon 925-P; 16201701;
Multi 3620 IDS; 22490970;4;20.08.2026 16:30:58;1.5;µS/cm;Cond;-0.1;°C;Temp;AR;;C = 0.475 1/cm   Tref25   nLF;TetraCon 925-P; 16201701;
Multi 3620 IDS; 22490970;4;20.08.2026 16:30:59;1.5;µS/cm;Cond;-0.1;°C;Temp;AR;;C = 0.475 1/cm   Tref25   nLF;TetraCon 925-P; 16201701;
Multi 3620 IDS; 22490970;4;20.08.2026 16:31:00;1.5;µS/cm;Cond;-0.1;°C;Temp;AR;;C = 0.475 1/cm   Tref25   nLF;TetraCon 925-P; 16201701;
Multi 3620 IDS; 22490970;4;20.08.2026 16:31:01;1.5;µS/cm;Cond;-0.1;°C;Temp;AR;;C = 0.475 1/cm   Tref25   nLF;TetraCon 925-P; 16201701;
Multi 3620 IDS; 22490970;4;20.08.2026 16:31:02;1.5;µS/cm;Cond;-0.1;°C;Temp;AR;;C = 0.475 1/cm   Tref25   nLF;TetraCon 925-P; 16201701;
Multi 3620 IDS; 22490970;4;20.08.2026 16:31:03;1.5;µS/cm;Cond;-0.1;°C;Temp;AR;;C = 0.475 1/cm   Tref25   nLF;TetraCon 925-P; 16201701;
Multi 3620 IDS; 22490970;4;20.08.2026 16:31:04;1.5;µS/cm;Cond;-0.1;°C;Temp;AR;;C = 0.475 1/cm   Tref25   nLF;TetraCon 925-P; 16201701;
Multi 3620 IDS; 22490970;4;20.08.2026 16:31:05;1.5;µS/cm;Cond;-0.1;°C;Temp;AR;;C = 0.475 1/cm   Tref25   nLF;TetraCon 925-P; 16201701;
Multi 3620 IDS; 22490970;4;20.08.2026 16:31:06;1.5;µS/cm;Cond;-0.1;°C;Temp;AR;;C = 0.475 1/cm   Tref25   nLF;TetraCon 925-P; 16201701;
Multi 3620 IDS; 22490970;4;20.08.2026 16:31:07;1.5;µS/cm;Cond;-0.1;°C;Temp;AR;;C = 0.475 1/cm   Tref25   nLF;TetraCon 925-P; 16201701;
Multi 3620 IDS; 22490970;4;20.08.2026 16:31:08;1.5;µS/cm;Cond;-0.1;°C;Temp;AR;;C = 0.475 1/cm   Tref25   nLF;TetraCon 925-P; 16201701;
Multi 3620 IDS; 22490970;4;20.08.2026 16:31:09;1.5;µS/cm;Cond;-0.1;°C;Temp;AR;;C = 0.475 1/cm   Tref25   nLF;TetraCon 925-P; 16201701;
Multi 3620 IDS; 22490970;4;20.08.2026 16:31:10;1.5;µS/cm;Cond;-0.1;°C;Temp;AR;;C = 0.475 1/cm   Tref25   nLF;TetraCon 925-P; 16201701;
Multi 3620 IDS; 22490970;4;20.08.2026 16:31:11;1.5;µS/cm;Cond;-0.1;°C;Temp;AR;;C = 0.475 1/cm   Tref25   nLF;TetraCon 925-P; 16201701;
Multi 3620 IDS; 22490970;4;20.08.2026 16:31:12;1.5;µS/cm;Cond;-0.1;°C;Temp;AR;;C = 0.475 1/cm   Tref25   nLF;TetraCon 925-P; 16201701;
Multi 3620 IDS; 22490970;4;20.08.2026 16:31:13;1.5;µS/cm;Cond;-0.1;°C;Temp;AR;;C = 0.475 1/cm   Tref25   nLF;TetraCon 925-P; 16201701;
Multi 3620 IDS; 22490970;4;20.08.2026 16:31:14;1.5;µS/cm;Cond;-0.1;°C;Temp;AR;;C = 0.475 1/cm   Tref25   nLF;TetraCon 925-P; 16201701;
Multi 3620 IDS; 22490970;4;20.08.2026 16:31:15;1.5;µS/cm;Cond;-0.1;°C;Temp;AR;;C = 0.475 1/cm   Tref25   nLF;TetraCon 925-P; 16201701;
Multi 3620 IDS; 22490970;4;20.08.2026 16:31:16;1.5;µS/cm;Cond;-0.1;°C;Temp;AR;;C = 0.475 1/cm   Tref25   nLF;TetraCon 925-P; 16201701;
Multi 3620 IDS; 22490970;4;20.08.2026 16:31:17;1.5;µS/cm;Cond;-0.1;°C;Temp;AR;;C = 0.475 1/cm   Tref25   nLF;TetraCon 925-P; 16201701;
Multi 3620 IDS; 22490970;4;20.08.2026 16:31:18;1.5;µS/cm;Cond;-0.1;°C;Temp;AR;;C = 0.475 1/cm   Tref25   nLF;TetraCon 925-P; 16201701;
Multi 3620 IDS; 22490970;4;20.08.2026 16:31:19;1.5;µS/cm;Cond;-0.1;°C;Temp;AR;;C = 0.475 1/cm   Tref25   nLF;TetraCon 925-P; 16201701;
Multi 3620 IDS; 22490970;4;20.08.2026 16:31:20;1.5;µS/cm;Cond;-0.1;°C;Temp;AR;;C = 0.475 1/cm   Tref25   nLF;TetraCon 925-P; 16201701;
Multi 3620 IDS; 22490970;4;20.08.2026 16:31:21;1.5;µS/cm;Cond;-0.1;°C;Temp;AR;;C = 0.475 1/cm   Tref25   nLF;TetraCon 925-P; 16201701;
Multi 3620 IDS; 22490970;4;20.08.2026 16:31:22;1.5;µS/cm;Cond;-0.1;°C;Temp;AR;;C = 0.475 1/cm   Tref25   nLF;TetraCon 925-P; 16201701;
Multi 3620 IDS; 22490970;4;20.08.2026 16:31:23;1.5;µS/cm;Cond;-0.1;°C;Temp;AR;;C = 0.475 1/cm   Tref25   nLF;TetraCon 925-P; 16201701;
Multi 3620 IDS; 22490970;4;20.08.2026 16:31:24;1.5;µS/cm;Cond;-0.1;°C;Temp;AR;;C = 0.475 1/cm   Tref25   nLF;TetraCon 925-P; 16201701;
Multi 3620 IDS; 22490970;4;20.08.2026 16:31:25;1.5;µS/cm;Cond;-0.1;°C;Temp;AR;;C = 0.475 1/cm   Tref25   nLF;TetraCon 925-P; 16201701;
Multi 3620 IDS; 22490970;4;20.08.2026 16:31:26;1.5;µS/cm;Cond;-0.1;°C;Temp;AR;;C = 0.475 1/cm   Tref25   nLF;TetraCon 925-P; 16201701;
Multi 3620 IDS; 22490970;4;20.08.2026 16:31:27;1.5;µS/cm;Cond;-0.1;°C;Temp;AR;;C = 0.475 1/cm   Tref25   nLF;TetraCon 925-P; 16201701;
Multi 3620 IDS; 22490970;4;20.08.2026 16:31:28;1.5;µS/cm;Cond;-0.1;°C;Temp;AR;;C = 0.475 1/cm   Tref25   nLF;TetraCon 925-P; 16201701;
Multi 3620 IDS; 22490970;4;20.08.2026 16:31:29;1.5;µS/cm;Cond;-0.1;°C;Temp;;;C = 0.475 1/cm   Tref25   nLF;TetraCon 925-P; 16201701;
Multi 3620 IDS; 22490970;4;20.08.2026 16:31:30;1.6;µS/cm;Cond;-0.1;°C;Temp;;;C = 0.475 1/cm   Tref25   nLF;TetraCon 925-P; 16201701;
Multi 3620 IDS; 22490970;4;20.08.2026 16:31:31;1.7;µS/cm;Cond;-0.1;°C;Temp;;;C = 0.475 1/cm   Tref25   nLF;TetraCon 925-P; 16201701;
Multi 3620 IDS; 22490970;4;20.08.2026 16:31:32;1.9;µS/cm;Cond;-0.1;°C;Temp;;;C = 0.475 1/cm   Tref25   nLF;TetraCon 925-P; 16201701;
Multi 3620 IDS; 22490970;4;20.08.2026 16:31:33;2.2;µS/cm;Cond;-0.1;°C;Temp;;;C = 0.475 1/cm   Tref25   nLF;TetraCon 925-P; 16201701;
Multi 3620 IDS; 22490970;4;20.08.2026 16:31:34;2.5;µS/cm;Cond;-0.1;°C;Temp;;;C = 0.475 1/cm   Tref25   nLF;TetraCon 925-P; 16201701;
Multi 3620 IDS; 22490970;4;20.08.2026 16:31:35;3.3;µS/cm;Cond;-0.1;°C;Temp;;;C = 0.475 1/cm   Tref25   nLF;TetraCon 925-P; 16201701;
Multi 3620 IDS; 22490970;4;20.08.2026 16:31:36;4.3;µS/cm;Cond;-0.1;°C;Temp;;;C = 0.475 1/cm   Tref25   nLF;TetraCon 925-P; 16201701;
Multi 3620 IDS; 22490970;4;20.08.2026 16:31:37;5.2;µS/cm;Cond;-0.1;°C;Temp;;;C = 0.475 1/cm   Tref25   nLF;TetraCon 925-P; 16201701;
Multi 3620 IDS; 22490970;4;20.08.2026 16:31:38;7.0;µS/cm;Cond;-0.1;°C;Temp;;;C = 0.475 1/cm   Tref25   nLF;TetraCon 925-P; 16201701;
Multi 3620 IDS; 22490970;4;20.08.2026 16:31:39;9.2;µS/cm;Cond;-0.1;°C;Temp;;;C = 0.475 1/cm   Tref25   nLF;TetraCon 925-P; 16201701;
Multi 3620 IDS; 22490970;4;20.08.2026 16:31:40;11.0;µS/cm;Cond;-0.1;°C;Temp;;;C = 0.475 1/cm   Tref25   nLF;TetraCon 925-P; 16201701;
Multi 3620 IDS; 22490970;4;20.08.2026 16:31:41;14.3;µS/cm;Cond;-0.1;°C;Temp;;;C = 0.475 1/cm   Tref25   nLF;TetraCon 925-P; 16201701;
Multi 3620 IDS; 22490970;4;20.08.2026 16:31:42;18.0;µS/cm;Cond;-0.1;°C;Temp;;;C = 0.475 1/cm   Tref25   nLF;TetraCon 925-P; 16201701;
Multi 3620 IDS; 22490970;4;20.08.2026 16:31:43;20.3;µS/cm;Cond;-0.1;°C;Temp;;;C = 0.475 1/cm   Tref25   nLF;TetraCon 925-P; 16201701;
Multi 3620 IDS; 22490970;4;20.08.2026 16:31:44;22.4;µS/cm;Cond;-0.1;°C;Temp;;;C = 0.475 1/cm   Tref25   nLF;TetraCon 925-P; 16201701;
Multi 3620 IDS; 22490970;4;20.08.2026 16:31:45;40.7;µS/cm;Cond;-0.1;°C;Temp;;;C = 0.475 1/cm   Tref25   nLF;TetraCon 925-P; 16201701;
Multi 3620 IDS; 22490970;4;20.08.2026 16:31:46;47.9;µS/cm;Cond;-0.1;°C;Temp;;;C = 0.475 1/cm   Tref25   nLF;TetraCon 925-P; 16201701;
Multi 3620 IDS; 22490970;4;20.08.2026 16:31:47;54.0;µS/cm;Cond;-0.1;°C;Temp;;;C = 0.475 1/cm   Tref25   nLF;TetraCon 925-P; 16201701;
Multi 3620 IDS; 22490970;4;20.08.2026 16:31:48;46.6;µS/cm;Cond;-0.1;°C;Temp;;;C = 0.475 1/cm   Tref25   nLF;TetraCon 925-P; 16201701;
Multi 3620 IDS; 22490970;4;20.08.2026 16:31:49;53.1;µS/cm;Cond;-0.1;°C;Temp;;;C = 0.475 1/cm   Tref25   nLF;TetraCon 925-P; 16201701;
Multi 3620 IDS; 22490970;4;20.08.2026 16:31:50;57.6;µS/cm;Cond;-0.1;°C;Temp;;;C = 0.475 1/cm   Tref25   nLF;TetraCon 925-P; 16201701;
Multi 3620 IDS; 22490970;4;20.08.2026 16:31:51;64.4;µS/cm;Cond;-0.1;°C;Temp;;;C = 0.475 1/cm   Tref25   nLF;TetraCon 925-P; 16201701;
Multi 3620 IDS; 22490970;4;20.08.2026 16:31:52;71.2;µS/cm;Cond;-0.1;°C;Temp;;;C = 0.475 1/cm   Tref25   nLF;TetraCon 925-P; 16201701;
Multi 3620 IDS; 22490970;4;20.08.2026 16:31:53;75.5;µS/cm;Cond;-0.1;°C;Temp;;;C = 0.475 1/cm   Tref25   nLF;TetraCon 925-P; 16201701;
Multi 3620 IDS; 22490970;4;20.08.2026 16:31:54;82.0;µS/cm;Cond;-0.1;°C;Temp;;;C = 0.475 1/cm   Tref25   nLF;TetraCon 925-P; 16201701;
Multi 3620 IDS; 22490970;4;20.08.2026 16:31:55;88.3;µS/cm;Cond;-0.1;°C;Temp;;;C = 0.475 1/cm   Tref25   nLF;TetraCon 925-P; 16201701;
Multi 3620 IDS; 22490970;4;20.08.2026 16:31:56;92.5;µS/cm;Cond;-0.1;°C;Temp;;;C = 0.475 1/cm   Tref25   nLF;TetraCon 925-P; 16201701;
Multi 3620 IDS; 22490970;4;20.08.2026 16:31:57;94.5;µS/cm;Cond;-0.1;°C;Temp;;;C = 0.475 1/cm   Tref25   nLF;TetraCon 925-P; 16201701;
Multi 3620 IDS; 22490970;4;20.08.2026 16:31:58;114.2;µS/cm;Cond;-0.1;°C;Temp;;;C = 0.475 1/cm   Tref25   nLF;TetraCon 925-P; 16201701;
Multi 3620 IDS; 22490970;4;20.08.2026 16:31:59;110.8;µS/cm;Cond;-0.1;°C;Temp;;;C = 0.475 1/cm   Tref25   nLF;TetraCon 925-P; 16201701;
Multi 3620 IDS; 22490970;4;20.08.2026 16:32:00;111.2;µS/cm;Cond;-0.1;°C;Temp;;;C = 0.475 1/cm   Tref25   nLF;TetraCon 925-P; 16201701;
Multi 3620 IDS; 22490970;4;20.08.2026 16:32:01;115.5;µS/cm;Cond;-0.1;°C;Temp;;;C = 0.475 1/cm   Tref25   nLF;TetraCon 925-P; 16201701;
Multi 3620 IDS; 22490970;4;20.08.2026 16:32:02;119.3;µS/cm;Cond;-0.1;°C;Temp;;;C = 0.475 1/cm   Tref25   nLF;TetraCon 925-P; 16201701;
Multi 3620 IDS; 22490970;4;20.08.2026 16:32:03;121.6;µS/cm;Cond;-0.1;°C;Temp;;;C = 0.475 1/cm   Tref25   nLF;TetraCon 925-P; 16201701;
Multi 3620 IDS; 22490970;4;20.08.2026 16:32:04;124.6;µS/cm;Cond;-0.1;°C;Temp;;;C = 0.475 1/cm   Tref25   nLF;TetraCon 925-P; 16201701;
Multi 3620 IDS; 22490970;4;20.08.2026 16:32:05;127.1;µS/cm;Cond;-0.1;°C;Temp;;;C = 0.475 1/cm   Tref25   nLF;TetraCon 925-P; 16201701;
Multi 3620 IDS; 22490970;4;20.08.2026 16:32:06;128.6;µS/cm;Cond;-0.1;°C;Temp;;;C = 0.475 1/cm   Tref25   nLF;TetraCon 925-P; 16201701;
Multi 3620 IDS; 22490970;4;20.08.2026 16:32:07;130.5;µS/cm;Cond;-0.1;°C;Temp;;;C = 0.475 1/cm   Tref25   nLF;TetraCon 925-P; 16201701;
Multi 3620 IDS; 22490970;4;20.08.2026 16:32:08;131.9;µS/cm;Cond;-0.1;°C;Temp;;;C = 0.475 1/cm   Tref25   nLF;TetraCon 925-P; 16201701;
Multi 3620 IDS; 22490970;4;20.08.2026 16:32:09;132.5;µS/cm;Cond;-0.1;°C;Temp;;;C = 0.475 1/cm   Tref25   nLF;TetraCon 925-P; 16201701;
Multi 3620 IDS; 22490970;4;20.08.2026 16:32:10;133.4;µS/cm;Cond;-0.1;°C;Temp;;;C = 0.475 1/cm   Tref25   nLF;TetraCon 925-P; 16201701;
Multi 3620 IDS; 22490970;4;20.08.2026 16:32:11;133.8;µS/cm;Cond;-0.1;°C;Temp;;;C = 0.475 1/cm   Tref25   nLF;TetraCon 925-P; 16201701;
Multi 3620 IDS; 22490970;4;20.08.2026 16:32:12;134.1;µS/cm;Cond;-0.1;°C;Temp;;;C = 0.475 1/cm   Tref25   nLF;TetraCon 925-P; 16201701;
Multi 3620 IDS; 22490970;4;20.08.2026 16:32:13;134.0;µS/cm;Cond;-0.1;°C;Temp;;;C = 0.475 1/cm   Tref25   nLF;TetraCon 925-P; 16201701;
Multi 3620 IDS; 22490970;4;20.08.2026 16:32:14;133.6;µS/cm;Cond;-0.1;°C;Temp;;;C = 0.475 1/cm   Tref25   nLF;TetraCon 925-P; 16201701;
Multi 3620 IDS; 22490970;4;20.08.2026 16:32:15;133.1;µS/cm;Cond;-0.1;°C;Temp;;;C = 0.475 1/cm   Tref25   nLF;TetraCon 925-P; 16201701;
Multi 3620 IDS; 22490970;4;20.08.2026 16:32:16;132.3;µS/cm;Cond;-0.1;°C;Temp;;;C = 0.475 1/cm   Tref25   nLF;TetraCon 925-P; 16201701;
Multi 3620 IDS; 22490970;4;20.08.2026 16:32:17;131.3;µS/cm;Cond;-0.1;°C;Temp;;;C = 0.475 1/cm   Tref25   nLF;TetraCon 925-P; 16201701;
Multi 3620 IDS; 22490970;4;20.08.2026 16:32:18;130.4;µS/cm;Cond;-0.1;°C;Temp;;;C = 0.475 1/cm   Tref25   nLF;TetraCon 925-P; 16201701;
Multi 3620 IDS; 22490970;4;20.08.2026 16:32:19;128.9;µS/cm;Cond;-0.1;°C;Temp;;;C = 0.475 1/cm   Tref25   nLF;TetraCon 925-P; 16201701;
Multi 3620 IDS; 22490970;4;20.08.2026 16:32:20;127.3;µS/cm;Cond;-0.1;°C;Temp;;;C = 0.475 1/cm   Tref25   nLF;TetraCon 925-P; 16201701;
Multi 3620 IDS; 22490970;4;20.08.2026 16:32:21;126.2;µS/cm;Cond;-0.1;°C;Temp;;;C = 0.475 1/cm   Tref25   nLF;TetraCon 925-P; 16201701;
Multi 3620 IDS; 22490970;4;20.08.2026 16:32:22;124.4;µS/cm;Cond;-0.1;°C;Temp;;;C = 0.475 1/cm   Tref25   nLF;TetraCon 925-P; 16201701;
Multi 3620 IDS; 22490970;4;20.08.2026 16:32:23;122.5;µS/cm;Cond;-0.1;°C;Temp;;;C = 0.475 1/cm   Tref25   nLF;TetraCon 925-P; 16201701;
Multi 3620 IDS; 22490970;4;20.08.2026 16:32:24;121.2;µS/cm;Cond;-0.1;°C;Temp;;;C = 0.475 1/cm   Tref25   nLF;TetraCon 925-P; 16201701;
Multi 3620 IDS; 22490970;4;20.08.2026 16:32:25;119.1;µS/cm;Cond;-0.1;°C;Temp;;;C = 0.475 1/cm   Tref25   nLF;TetraCon 925-P; 16201701;
Multi 3620 IDS; 22490970;4;20.08.2026 16:32:26;116.9;µS/cm;Cond;-0.1;°C;Temp;;;C = 0.475 1/cm   Tref25   nLF;TetraCon 925-P; 16201701;
Multi 3620 IDS; 22490970;4;20.08.2026 16:32:27;115.5;µS/cm;Cond;-0.1;°C;Temp;;;C = 0.475 1/cm   Tref25   nLF;TetraCon 925-P; 16201701;
Multi 3620 IDS; 22490970;4;20.08.2026 16:32:28;113.2;µS/cm;Cond;-0.1;°C;Temp;;;C = 0.475 1/cm   Tref25   nLF;TetraCon 925-P; 16201701;
Multi 3620 IDS; 22490970;4;20.08.2026 16:32:29;110.9;µS/cm;Cond;-0.1;°C;Temp;;;C = 0.475 1/cm   Tref25   nLF;TetraCon 925-P; 16201701;
Multi 3620 IDS; 22490970;4;20.08.2026 16:32:30;109.3;µS/cm;Cond;-0.1;°C;Temp;;;C = 0.475 1/cm   Tref25   nLF;TetraCon 925-P; 16201701;
Multi 3620 IDS; 22490970;4;20.08.2026 16:32:31;107.0;µS/cm;Cond;-0.1;°C;Temp;;;C = 0.475 1/cm   Tref25   nLF;TetraCon 925-P; 16201701;
Multi 3620 IDS; 22490970;4;20.08.2026 16:32:32;104.5;µS/cm;Cond;-0.1;°C;Temp;;;C = 0.475 1/cm   Tref25   nLF;TetraCon 925-P; 16201701;
Multi 3620 IDS; 22490970;4;20.08.2026 16:32:33;103.0;µS/cm;Cond;-0.1;°C;Temp;;;C = 0.475 1/cm   Tref25   nLF;TetraCon 925-P; 16201701;
Multi 3620 IDS; 22490970;4;20.08.2026 16:32:34;100.7;µS/cm;Cond;-0.1;°C;Temp;;;C = 0.475 1/cm   Tref25   nLF;TetraCon 925-P; 16201701;
Multi 3620 IDS; 22490970;4;20.08.2026 16:32:35;98.3;µS/cm;Cond;-0.1;°C;Temp;;;C = 0.475 1/cm   Tref25   nLF;TetraCon 925-P; 16201701;
Multi 3620 IDS; 22490970;4;20.08.2026 16:32:36;96.7;µS/cm;Cond;-0.1;°C;Temp;;;C = 0.475 1/cm   Tref25   nLF;TetraCon 925-P; 16201701;
Multi 3620 IDS; 22490970;4;20.08.2026 16:32:37;94.3;µS/cm;Cond;-0.1;°C;Temp;;;C = 0.475 1/cm   Tref25   nLF;TetraCon 925-P; 16201701;
Multi 3620 IDS; 22490970;4;20.08.2026 16:32:38;92.0;µS/cm;Cond;-0.1;°C;Temp;;;C = 0.475 1/cm   Tref25   nLF;TetraCon 925-P; 16201701;
Multi 3620 IDS; 22490970;4;20.08.2026 16:32:39;90.5;µS/cm;Cond;-0.1;°C;Temp;;;C = 0.475 1/cm   Tref25   nLF;TetraCon 925-P; 16201701;
Multi 3620 IDS; 22490970;4;20.08.2026 16:32:40;88.2;µS/cm;Cond;-0.1;°C;Temp;;;C = 0.475 1/cm   Tref25   nLF;TetraCon 925-P; 16201701;
Multi 3620 IDS; 22490970;4;20.08.2026 16:32:41;81.1;µS/cm;Cond;-0.1;°C;Temp;;;C = 0.475 1/cm   Tref25   nLF;TetraCon 925-P; 16201701;
Multi 3620 IDS; 22490970;4;20.08.2026 16:32:42;82.6;µS/cm;Cond;-0.1;°C;Temp;;;C = 0.475 1/cm   Tref25   nLF;TetraCon 925-P; 16201701;
Multi 3620 IDS; 22490970;4;20.08.2026 16:32:43;80.6;µS/cm;Cond;-0.1;°C;Temp;;;C = 0.475 1/cm   Tref25   nLF;TetraCon 925-P; 16201701;
Multi 3620 IDS; 22490970;4;20.08.2026 16:32:44;80.5;µS/cm;Cond;-0.1;°C;Temp;;;C = 0.475 1/cm   Tref25   nLF;TetraCon 925-P; 16201701;
Multi 3620 IDS; 22490970;4;20.08.2026 16:32:45;79.2;µS/cm;Cond;-0.1;°C;Temp;;;C = 0.475 1/cm   Tref25   nLF;TetraCon 925-P; 16201701;
Multi 3620 IDS; 22490970;4;20.08.2026 16:32:46;77.2;µS/cm;Cond;-0.1;°C;Temp;;;C = 0.475 1/cm   Tref25   nLF;TetraCon 925-P; 16201701;
Multi 3620 IDS; 22490970;4;20.08.2026 16:32:47;75.1;µS/cm;Cond;-0.1;°C;Temp;;;C = 0.475 1/cm   Tref25   nLF;TetraCon 925-P; 16201701;
Multi 3620 IDS; 22490970;4;20.08.2026 16:32:48;73.8;µS/cm;Cond;-0.1;°C;Temp;;;C = 0.475 1/cm   Tref25   nLF;TetraCon 925-P; 16201701;
Multi 3620 IDS; 22490970;4;20.08.2026 16:32:49;71.9;µS/cm;Cond;-0.1;°C;Temp;;;C = 0.475 1/cm   Tref25   nLF;TetraCon 925-P; 16201701;
Multi 3620 IDS; 22490970;4;20.08.2026 16:32:50;70.0;µS/cm;Cond;-0.1;°C;Temp;;;C = 0.475 1/cm   Tref25   nLF;TetraCon 925-P; 16201701;
Multi 3620 IDS; 22490970;4;20.08.2026 16:32:51;68.8;µS/cm;Cond;-0.1;°C;Temp;;;C = 0.475 1/cm   Tref25   nLF;TetraCon 925-P; 16201701;
Multi 3620 IDS; 22490970;4;20.08.2026 16:32:52;66.9;µS/cm;Cond;-0.1;°C;Temp;;;C = 0.475 1/cm   Tref25   nLF;TetraCon 925-P; 16201701;
Multi 3620 IDS; 22490970;4;20.08.2026 16:32:53;65.1;µS/cm;Cond;-0.1;°C;Temp;;;C = 0.475 1/cm   Tref25   nLF;TetraCon 925-P; 16201701;
Multi 3620 IDS; 22490970;4;20.08.2026 16:32:54;64.0;µS/cm;Cond;-0.1;°C;Temp;;;C = 0.475 1/cm   Tref25   nLF;TetraCon 925-P; 16201701;
Multi 3620 IDS; 22490970;4;20.08.2026 16:32:55;62.3;µS/cm;Cond;-0.1;°C;Temp;;;C = 0.475 1/cm   Tref25   nLF;TetraCon 925-P; 16201701;
Multi 3620 IDS; 22490970;4;20.08.2026 16:32:56;60.7;µS/cm;Cond;-0.1;°C;Temp;;;C = 0.475 1/cm   Tref25   nLF;TetraCon 925-P; 16201701;
Multi 3620 IDS; 22490970;4;20.08.2026 16:32:57;59.7;µS/cm;Cond;-0.1;°C;Temp;;;C = 0.475 1/cm   Tref25   nLF;TetraCon 925-P; 16201701;
Multi 3620 IDS; 22490970;4;20.08.2026 16:32:58;58.1;µS/cm;Cond;-0.1;°C;Temp;;;C = 0.475 1/cm   Tref25   nLF;TetraCon 925-P; 16201701;
Multi 3620 IDS; 22490970;4;20.08.2026 16:32:59;56.5;µS/cm;Cond;-0.1;°C;Temp;;;C = 0.475 1/cm   Tref25   nLF;TetraCon 925-P; 16201701;
Multi 3620 IDS; 22490970;4;20.08.2026 16:33:00;55.5;µS/cm;Cond;-0.1;°C;Temp;;;C = 0.475 1/cm   Tref25   nLF;TetraCon 925-P; 16201701;
Multi 3620 IDS; 22490970;4;20.08.2026 16:33:01;54.0;µS/cm;Cond;-0.1;°C;Temp;;;C = 0.475 1/cm   Tref25   nLF;TetraCon 925-P; 16201701;
Multi 3620 IDS; 22490970;4;20.08.2026 16:33:02;52.6;µS/cm;Cond;-0.1;°C;Temp;;;C = 0.475 1/cm   Tref25   nLF;TetraCon 925-P; 16201701;
Multi 3620 IDS; 22490970;4;20.08.2026 16:33:03;51.7;µS/cm;Cond;-0.1;°C;Temp;;;C = 0.475 1/cm   Tref25   nLF;TetraCon 925-P; 16201701;
Multi 3620 IDS; 22490970;4;20.08.2026 16:33:04;50.4;µS/cm;Cond;-0.1;°C;Temp;;;C = 0.475 1/cm   Tref25   nLF;TetraCon 925-P; 16201701;
Multi 3620 IDS; 22490970;4;20.08.2026 16:33:05;49.1;µS/cm;Cond;-0.1;°C;Temp;;;C = 0.475 1/cm   Tref25   nLF;TetraCon 925-P; 16201701;
Multi 3620 IDS; 22490970;4;20.08.2026 16:33:06;48.2;µS/cm;Cond;-0.1;°C;Temp;;;C = 0.475 1/cm   Tref25   nLF;TetraCon 925-P; 16201701;
Multi 3620 IDS; 22490970;4;20.08.2026 16:33:07;47.0;µS/cm;Cond;-0.1;°C;Temp;;;C = 0.475 1/cm   Tref25   nLF;TetraCon 925-P; 16201701;
Multi 3620 IDS; 22490970;4;20.08.2026 16:33:08;45.7;µS/cm;Cond;-0.1;°C;Temp;;;C = 0.475 1/cm   Tref25   nLF;TetraCon 925-P; 16201701;
Multi 3620 IDS; 22490970;4;20.08.2026 16:33:09;44.9;µS/cm;Cond;-0.1;°C;Temp;;;C = 0.475 1/cm   Tref25   nLF;TetraCon 925-P; 16201701;
Multi 3620 IDS; 22490970;4;20.08.2026 16:33:10;43.8;µS/cm;Cond;-0.1;°C;Temp;;;C = 0.475 1/cm   Tref25   nLF;TetraCon 925-P; 16201701;
Multi 3620 IDS; 22490970;4;20.08.2026 16:33:11;42.7;µS/cm;Cond;-0.1;°C;Temp;;;C = 0.475 1/cm   Tref25   nLF;TetraCon 925-P; 16201701;
Multi 3620 IDS; 22490970;4;20.08.2026 16:33:12;42.1;µS/cm;Cond;-0.1;°C;Temp;;;C = 0.475 1/cm   Tref25   nLF;TetraCon 925-P; 16201701;
Multi 3620 IDS; 22490970;4;20.08.2026 16:33:13;41.0;µS/cm;Cond;-0.1;°C;Temp;;;C = 0.475 1/cm   Tref25   nLF;TetraCon 925-P; 16201701;
Multi 3620 IDS; 22490970;4;20.08.2026 16:33:14;40.0;µS/cm;Cond;-0.1;°C;Temp;;;C = 0.475 1/cm   Tref25   nLF;TetraCon 925-P; 16201701;
Multi 3620 IDS; 22490970;4;20.08.2026 16:33:15;39.3;µS/cm;Cond;-0.1;°C;Temp;;;C = 0.475 1/cm   Tref25   nLF;TetraCon 925-P; 16201701;
Multi 3620 IDS; 22490970;4;20.08.2026 16:33:16;38.4;µS/cm;Cond;-0.1;°C;Temp;;;C = 0.475 1/cm   Tref25   nLF;TetraCon 925-P; 16201701;
Multi 3620 IDS; 22490970;4;20.08.2026 16:33:17;37.4;µS/cm;Cond;-0.1;°C;Temp;;;C = 0.475 1/cm   Tref25   nLF;TetraCon 925-P; 16201701;
Multi 3620 IDS; 22490970;4;20.08.2026 16:33:18;36.8;µS/cm;Cond;-0.1;°C;Temp;;;C = 0.475 1/cm   Tref25   nLF;TetraCon 925-P; 16201701;
Multi 3620 IDS; 22490970;4;20.08.2026 16:33:19;35.9;µS/cm;Cond;-0.1;°C;Temp;;;C = 0.475 1/cm   Tref25   nLF;TetraCon 925-P; 16201701;
Multi 3620 IDS; 22490970;4;20.08.2026 16:33:20;35.1;µS/cm;Cond;-0.1;°C;Temp;;;C = 0.475 1/cm   Tref25   nLF;TetraCon 925-P; 16201701;
Multi 3620 IDS; 22490970;4;20.08.2026 16:33:21;34.5;µS/cm;Cond;-0.1;°C;Temp;;;C = 0.475 1/cm   Tref25   nLF;TetraCon 925-P; 16201701;
Multi 3620 IDS; 22490970;4;20.08.2026 16:33:22;33.7;µS/cm;Cond;-0.1;°C;Temp;;;C = 0.475 1/cm   Tref25   nLF;TetraCon 925-P; 16201701;
Multi 3620 IDS; 22490970;4;20.08.2026 16:33:23;32.9;µS/cm;Cond;-0.1;°C;Temp;;;C = 0.475 1/cm   Tref25   nLF;TetraCon 925-P; 16201701;
Multi 3620 IDS; 22490970;4;20.08.2026 16:33:24;32.4;µS/cm;Cond;-0.1;°C;Temp;;;C = 0.475 1/cm   Tref25   nLF;TetraCon 925-P; 16201701;
Multi 3620 IDS; 22490970;4;20.08.2026 16:33:25;31.7;µS/cm;Cond;-0.1;°C;Temp;;;C = 0.475 1/cm   Tref25   nLF;TetraCon 925-P; 16201701;
Multi 3620 IDS; 22490970;4;20.08.2026 16:33:26;30.9;µS/cm;Cond;-0.1;°C;Temp;;;C = 0.475 1/cm   Tref25   nLF;TetraCon 925-P; 16201701;
Multi 3620 IDS; 22490970;4;20.08.2026 16:33:27;30.5;µS/cm;Cond;-0.1;°C;Temp;;;C = 0.475 1/cm   Tref25   nLF;TetraCon 925-P; 16201701;
Multi 3620 IDS; 22490970;4;20.08.2026 16:33:28;29.8;µS/cm;Cond;-0.1;°C;Temp;;;C = 0.475 1/cm   Tref25   nLF;TetraCon 925-P; 16201701;
Multi 3620 IDS; 22490970;4;20.08.2026 16:33:29;29.1;µS/cm;Cond;-0.1;°C;Temp;;;C = 0.475 1/cm   Tref25   nLF;TetraCon 925-P; 16201701;
Multi 3620 IDS; 22490970;4;20.08.2026 16:33:30;28.7;µS/cm;Cond;-0.1;°C;Temp;;;C = 0.475 1/cm   Tref25   nLF;TetraCon 925-P; 16201701;
Multi 3620 IDS; 22490970;4;20.08.2026 16:33:31;28.0;µS/cm;Cond;-0.1;°C;Temp;;;C = 0.475 1/cm   Tref25   nLF;TetraCon 925-P; 16201701;
Multi 3620 IDS; 22490970;4;20.08.2026 16:33:32;27.3;µS/cm;Cond;-0.1;°C;Temp;;;C = 0.475 1/cm   Tref25   nLF;TetraCon 925-P; 16201701;
Multi 3620 IDS; 22490970;4;20.08.2026 16:33:33;26.9;µS/cm;Cond;-0.1;°C;Temp;;;C = 0.475 1/cm   Tref25   nLF;TetraCon 925-P; 16201701;
Multi 3620 IDS; 22490970;4;20.08.2026 16:33:34;26.4;µS/cm;Cond;-0.1;°C;Temp;;;C = 0.475 1/cm   Tref25   nLF;TetraCon 925-P; 16201701;
Multi 3620 IDS; 22490970;4;20.08.2026 16:33:35;25.8;µS/cm;Cond;-0.1;°C;Temp;;;C = 0.475 1/cm   Tref25   nLF;TetraCon 925-P; 16201701;
Multi 3620 IDS; 22490970;4;20.08.2026 16:33:36;25.4;µS/cm;Cond;-0.1;°C;Temp;;;C = 0.475 1/cm   Tref25   nLF;TetraCon 925-P; 16201701;
Multi 3620 IDS; 22490970;4;20.08.2026 16:33:37;24.9;µS/cm;Cond;-0.1;°C;Temp;;;C = 0.475 1/cm   Tref25   nLF;TetraCon 925-P; 16201701;
Multi 3620 IDS; 22490970;4;20.08.2026 16:33:38;24.4;µS/cm;Cond;-0.1;°C;Temp;;;C = 0.475 1/cm   Tref25   nLF;TetraCon 925-P; 16201701;
Multi 3620 IDS; 22490970;4;20.08.2026 16:33:39;24.0;µS/cm;Cond;-0.1;°C;Temp;;;C = 0.475 1/cm   Tref25   nLF;TetraCon 925-P; 16201701;
Multi 3620 IDS; 22490970;4;20.08.2026 16:33:40;23.6;µS/cm;Cond;-0.1;°C;Temp;;;C = 0.475 1/cm   Tref25   nLF;TetraCon 925-P; 16201701;
Multi 3620 IDS; 22490970;4;20.08.2026 16:33:41;23.1;µS/cm;Cond;-0.1;°C;Temp;;;C = 0.475 1/cm   Tref25   nLF;TetraCon 925-P; 16201701;
Multi 3620 IDS; 22490970;4;20.08.2026 16:33:42;22.8;µS/cm;Cond;-0.1;°C;Temp;;;C = 0.475 1/cm   Tref25   nLF;TetraCon 925-P; 16201701;
Multi 3620 IDS; 22490970;4;20.08.2026 16:33:43;22.3;µS/cm;Cond;-0.1;°C;Temp;;;C = 0.475 1/cm   Tref25   nLF;TetraCon 925-P; 16201701;
Multi 3620 IDS; 22490970;4;20.08.2026 16:33:44;21.8;µS/cm;Cond;-0.1;°C;Temp;;;C = 0.475 1/cm   Tref25   nLF;TetraCon 925-P; 16201701;
Multi 3620 IDS; 22490970;4;20.08.2026 16:33:45;21.5;µS/cm;Cond;-0.1;°C;Temp;;;C = 0.475 1/cm   Tref25   nLF;TetraCon 925-P; 16201701;
Multi 3620 IDS; 22490970;4;20.08.2026 16:33:46;21.0;µS/cm;Cond;-0.1;°C;Temp;;;C = 0.475 1/cm   Tref25   nLF;TetraCon 925-P; 16201701;
Multi 3620 IDS; 22490970;4;20.08.2026 16:33:47;20.6;µS/cm;Cond;-0.1;°C;Temp;;;C = 0.475 1/cm   Tref25   nLF;TetraCon 925-P; 16201701;
Multi 3620 IDS; 22490970;4;20.08.2026 16:33:48;20.4;µS/cm;Cond;-0.1;°C;Temp;;;C = 0.475 1/cm   Tref25   nLF;TetraCon 925-P; 16201701;
Multi 3620 IDS; 22490970;4;20.08.2026 16:33:49;20.0;µS/cm;Cond;-0.1;°C;Temp;;;C = 0.475 1/cm   Tref25   nLF;TetraCon 925-P; 16201701;
Multi 3620 IDS; 22490970;4;20.08.2026 16:33:50;19.7;µS/cm;Cond;-0.1;°C;Temp;;;C = 0.475 1/cm   Tref25   nLF;TetraCon 925-P; 16201701;
Multi 3620 IDS; 22490970;4;20.08.2026 16:33:51;19.4;µS/cm;Cond;-0.1;°C;Temp;;;C = 0.475 1/cm   Tref25   nLF;TetraCon 925-P; 16201701;
Multi 3620 IDS; 22490970;4;20.08.2026 16:33:52;19.0;µS/cm;Cond;-0.1;°C;Temp;;;C = 0.475 1/cm   Tref25   nLF;TetraCon 925-P; 16201701;
Multi 3620 IDS; 22490970;4;20.08.2026 16:33:53;18.6;µS/cm;Cond;-0.1;°C;Temp;;;C = 0.475 1/cm   Tref25   nLF;TetraCon 925-P; 16201701;
Multi 3620 IDS; 22490970;4;20.08.2026 16:33:54;18.4;µS/cm;Cond;-0.1;°C;Temp;;;C = 0.475 1/cm   Tref25   nLF;TetraCon 925-P; 16201701;
Multi 3620 IDS; 22490970;4;20.08.2026 16:33:55;18.1;µS/cm;Cond;-0.1;°C;Temp;;;C = 0.475 1/cm   Tref25   nLF;TetraCon 925-P; 16201701;
Multi 3620 IDS; 22490970;4;20.08.2026 16:33:56;17.8;µS/cm;Cond;-0.1;°C;Temp;;;C = 0.475 1/cm   Tref25   nLF;TetraCon 925-P; 16201701;
Multi 3620 IDS; 22490970;4;20.08.2026 16:33:57;17.5;µS/cm;Cond;-0.1;°C;Temp;;;C = 0.475 1/cm   Tref25   nLF;TetraCon 925-P; 16201701;
Multi 3620 IDS; 22490970;4;20.08.2026 16:33:58;17.2;µS/cm;Cond;-0.1;°C;Temp;;;C = 0.475 1/cm   Tref25   nLF;TetraCon 925-P; 16201701;
Multi 3620 IDS; 22490970;4;20.08.2026 16:33:59;16.9;µS/cm;Cond;-0.1;°C;Temp;;;C = 0.475 1/cm   Tref25   nLF;TetraCon 925-P; 16201701;
Multi 3620 IDS; 22490970;4;20.08.2026 16:34:00;16.7;µS/cm;Cond;-0.1;°C;Temp;;;C = 0.475 1/cm   Tref25   nLF;TetraCon 925-P; 16201701;
Multi 3620 IDS; 22490970;4;20.08.2026 16:34:01;16.4;µS/cm;Cond;-0.1;°C;Temp;;;C = 0.475 1/cm   Tref25   nLF;TetraCon 925-P; 16201701;
Multi 3620 IDS; 22490970;4;20.08.2026 16:34:02;16.1;µS/cm;Cond;-0.1;°C;Temp;;;C = 0.475 1/cm   Tref25   nLF;TetraCon 925-P; 16201701;
Multi 3620 IDS; 22490970;4;20.08.2026 16:34:03;16.0;µS/cm;Cond;-0.1;°C;Temp;;;C = 0.475 1/cm   Tref25   nLF;TetraCon 925-P; 16201701;
Multi 3620 IDS; 22490970;4;20.08.2026 16:34:04;15.7;µS/cm;Cond;-0.1;°C;Temp;;;C = 0.475 1/cm   Tref25   nLF;TetraCon 925-P; 16201701;
Multi 3620 IDS; 22490970;4;20.08.2026 16:34:05;15.4;µS/cm;Cond;-0.1;°C;Temp;;;C = 0.475 1/cm   Tref25   nLF;TetraCon 925-P; 16201701;
Multi 3620 IDS; 22490970;4;20.08.2026 16:34:06;15.2;µS/cm;Cond;-0.1;°C;Temp;;;C = 0.475 1/cm   Tref25   nLF;TetraCon 925-P; 16201701;
Multi 3620 IDS; 22490970;4;20.08.2026 16:34:07;14.9;µS/cm;Cond;-0.1;°C;Temp;;;C = 0.475 1/cm   Tref25   nLF;TetraCon 925-P; 16201701;
Multi 3620 IDS; 22490970;4;20.08.2026 16:34:08;14.7;µS/cm;Cond;-0.1;°C;Temp;;;C = 0.475 1/cm   Tref25   nLF;TetraCon 925-P; 16201701;
Multi 3620 IDS; 22490970;4;20.08.2026 16:34:09;14.5;µS/cm;Cond;-0.1;°C;Temp;;;C = 0.475 1/cm   Tref25   nLF;TetraCon 925-P; 16201701;
Multi 3620 IDS; 22490970;4;20.08.2026 16:34:10;14.3;µS/cm;Cond;-0.1;°C;Temp;;;C = 0.475 1/cm   Tref25   nLF;TetraCon 925-P; 16201701;
Multi 3620 IDS; 22490970;4;20.08.2026 16:34:11;14.0;µS/cm;Cond;-0.1;°C;Temp;;;C = 0.475 1/cm   Tref25   nLF;TetraCon 925-P; 16201701;
Multi 3620 IDS; 22490970;4;20.08.2026 16:34:12;13.9;µS/cm;Cond;-0.1;°C;Temp;;;C = 0.475 1/cm   Tref25   nLF;TetraCon 925-P; 16201701;
Multi 3620 IDS; 22490970;4;20.08.2026 16:34:13;13.7;µS/cm;Cond;-0.1;°C;Temp;;;C = 0.475 1/cm   Tref25   nLF;TetraCon 925-P; 16201701;
Multi 3620 IDS; 22490970;4;20.08.2026 16:34:14;13.4;µS/cm;Cond;-0.1;°C;Temp;;;C = 0.475 1/cm   Tref25   nLF;TetraCon 925-P; 16201701;
Multi 3620 IDS; 22490970;4;20.08.2026 16:34:15;13.6;µS/cm;Cond;-0.1;°C;Temp;;;C = 0.475 1/cm   Tref25   nLF;TetraCon 925-P; 16201701;
Multi 3620 IDS; 22490970;4;20.08.2026 16:34:16;13.1;µS/cm;Cond;-0.1;°C;Temp;;;C = 0.475 1/cm   Tref25   nLF;TetraCon 925-P; 16201701;
Multi 3620 IDS; 22490970;4;20.08.2026 16:34:17;12.3;µS/cm;Cond;-0.1;°C;Temp;;;C = 0.475 1/cm   Tref25   nLF;TetraCon 925-P; 16201701;
Multi 3620 IDS; 22490970;4;20.08.2026 16:34:18;12.7;µS/cm;Cond;-0.1;°C;Temp;;;C = 0.475 1/cm   Tref25   nLF;TetraCon 925-P; 16201701;
Multi 3620 IDS; 22490970;4;20.08.2026 16:34:19;12.6;µS/cm;Cond;-0.1;°C;Temp;;;C = 0.475 1/cm   Tref25   nLF;TetraCon 925-P; 16201701;
Multi 3620 IDS; 22490970;4;20.08.2026 16:34:20;12.4;µS/cm;Cond;-0.1;°C;Temp;;;C = 0.475 1/cm   Tref25   nLF;TetraCon 925-P; 16201701;
Multi 3620 IDS; 22490970;4;20.08.2026 16:34:21;12.2;µS/cm;Cond;-0.1;°C;Temp;;;C = 0.475 1/cm   Tref25   nLF;TetraCon 925-P; 16201701;
Multi 3620 IDS; 22490970;4;20.08.2026 16:34:22;12.1;µS/cm;Cond;-0.1;°C;Temp;;;C = 0.475 1/cm   Tref25   nLF;TetraCon 925-P; 16201701;
Multi 3620 IDS; 22490970;4;20.08.2026 16:34:23;11.9;µS/cm;Cond;-0.1;°C;Temp;;;C = 0.475 1/cm   Tref25   nLF;TetraCon 925-P; 16201701;
Multi 3620 IDS; 22490970;4;20.08.2026 16:34:24;11.8;µS/cm;Cond;-0.1;°C;Temp;;;C = 0.475 1/cm   Tref25   nLF;TetraCon 925-P; 16201701;
Multi 3620 IDS; 22490970;4;20.08.2026 16:34:25;11.6;µS/cm;Cond;-0.1;°C;Temp;;;C = 0.475 1/cm   Tref25   nLF;TetraCon 925-P; 16201701;
Multi 3620 IDS; 22490970;4;20.08.2026 16:34:26;11.5;µS/cm;Cond;-0.1;°C;Temp;;;C = 0.475 1/cm   Tref25   nLF;TetraCon 925-P; 16201701;
Multi 3620 IDS; 22490970;4;20.08.2026 16:34:27;11.3;µS/cm;Cond;-0.1;°C;Temp;;;C = 0.475 1/cm   Tref25   nLF;TetraCon 925-P; 16201701;
Multi 3620 IDS; 22490970;4;20.08.2026 16:34:28;11.2;µS/cm;Cond;-0.1;°C;Temp;;;C = 0.475 1/cm   Tref25   nLF;TetraCon 925-P; 16201701;
Multi 3620 IDS; 22490970;4;20.08.2026 16:34:29;11.1;µS/cm;Cond;-0.1;°C;Temp;;;C = 0.475 1/cm   Tref25   nLF;TetraCon 925-P; 16201701;
Multi 3620 IDS; 22490970;4;20.08.2026 16:34:30;10.9;µS/cm;Cond;-0.1;°C;Temp;;;C = 0.475 1/cm   Tref25   nLF;TetraCon 925-P; 16201701;
Multi 3620 IDS; 22490970;4;20.08.2026 16:34:31;10.8;µS/cm;Cond;-0.1;°C;Temp;;;C = 0.475 1/cm   Tref25   nLF;TetraCon 925-P; 16201701;
Multi 3620 IDS; 22490970;4;20.08.2026 16:34:32;10.7;µS/cm;Cond;-0.1;°C;Temp;;;C = 0.475 1/cm   Tref25   nLF;TetraCon 925-P; 16201701;
Multi 3620 IDS; 22490970;4;20.08.2026 16:34:33;10.5;µS/cm;Cond;-0.1;°C;Temp;;;C = 0.475 1/cm   Tref25   nLF;TetraCon 925-P; 16201701;
Multi 3620 IDS; 22490970;4;20.08.2026 16:34:34;10.4;µS/cm;Cond;-0.1;°C;Temp;;;C = 0.475 1/cm   Tref25   nLF;TetraCon 925-P; 16201701;
Multi 3620 IDS; 22490970;4;20.08.2026 16:34:35;10.3;µS/cm;Cond;-0.1;°C;Temp;;;C = 0.475 1/cm   Tref25   nLF;TetraCon 925-P; 16201701;
Multi 3620 IDS; 22490970;4;20.08.2026 16:34:36;10.1;µS/cm;Cond;-0.1;°C;Temp;;;C = 0.475 1/cm   Tref25   nLF;TetraCon 925-P; 16201701;
Multi 3620 IDS; 22490970;4;20.08.2026 16:34:37;10.0;µS/cm;Cond;-0.1;°C;Temp;;;C = 0.475 1/cm   Tref25   nLF;TetraCon 925-P; 16201701;
Multi 3620 IDS; 22490970;4;20.08.2026 16:34:38;9.9;µS/cm;Cond;-0.1;°C;Temp;;;C = 0.475 1/cm   Tref25   nLF;TetraCon 925-P; 16201701;
Multi 3620 IDS; 22490970;4;20.08.2026 16:34:39;9.8;µS/cm;Cond;-0.1;°C;Temp;;;C = 0.475 1/cm   Tref25   nLF;TetraCon 925-P; 16201701;
Multi 3620 IDS; 22490970;4;20.08.2026 16:34:40;9.7;µS/cm;Cond;-0.1;°C;Temp;;;C = 0.475 1/cm   Tref25   nLF;TetraCon 925-P; 16201701;
Multi 3620 IDS; 22490970;4;20.08.2026 16:34:41;9.6;µS/cm;Cond;-0.1;°C;Temp;;;C = 0.475 1/cm   Tref25   nLF;TetraCon 925-P; 16201701;
Multi 3620 IDS; 22490970;4;20.08.2026 16:34:42;9.4;µS/cm;Cond;-0.1;°C;Temp;;;C = 0.475 1/cm   Tref25   nLF;TetraCon 925-P; 16201701;
Multi 3620 IDS; 22490970;4;20.08.2026 16:34:43;9.4;µS/cm;Cond;-0.1;°C;Temp;;;C = 0.475 1/cm   Tref25   nLF;TetraCon 925-P; 16201701;
Multi 3620 IDS; 22490970;4;20.08.2026 16:34:44;9.2;µS/cm;Cond;-0.1;°C;Temp;;;C = 0.475 1/cm   Tref25   nLF;TetraCon 925-P; 16201701;
Multi 3620 IDS; 22490970;4;20.08.2026 16:34:45;9.1;µS/cm;Cond;-0.1;°C;Temp;;;C = 0.475 1/cm   Tref25   nLF;TetraCon 925-P; 16201701;
Multi 3620 IDS; 22490970;4;20.08.2026 16:34:46;9.1;µS/cm;Cond;-0.1;°C;Temp;;;C = 0.475 1/cm   Tref25   nLF;TetraCon 925-P; 16201701;
Multi 3620 IDS; 22490970;4;20.08.2026 16:34:47;8.9;µS/cm;Cond;-0.1;°C;Temp;;;C = 0.475 1/cm   Tref25   nLF;TetraCon 925-P; 16201701;
Multi 3620 IDS; 22490970;4;20.08.2026 16:34:48;8.8;µS/cm;Cond;-0.1;°C;Temp;;;C = 0.475 1/cm   Tref25   nLF;TetraCon 925-P; 16201701;
Multi 3620 IDS; 22490970;4;20.08.2026 16:34:49;8.8;µS/cm;Cond;-0.1;°C;Temp;;;C = 0.475 1/cm   Tref25   nLF;TetraCon 925-P; 16201701;
Multi 3620 IDS; 22490970;4;20.08.2026 16:34:50;8.7;µS/cm;Cond;-0.1;°C;Temp;;;C = 0.475 1/cm   Tref25   nLF;TetraCon 925-P; 16201701;
Multi 3620 IDS; 22490970;4;20.08.2026 16:34:51;8.6;µS/cm;Cond;-0.1;°C;Temp;;;C = 0.475 1/cm   Tref25   nLF;TetraCon 925-P; 16201701;
Multi 3620 IDS; 22490970;4;20.08.2026 16:34:52;8.5;µS/cm;Cond;-0.1;°C;Temp;;;C = 0.475 1/cm   Tref25   nLF;TetraCon 925-P; 16201701;
Multi 3620 IDS; 22490970;4;20.08.2026 16:34:53;8.4;µS/cm;Cond;-0.1;°C;Temp;;;C = 0.475 1/cm   Tref25   nLF;TetraCon 925-P; 16201701;
Multi 3620 IDS; 22490970;4;20.08.2026 16:34:54;8.3;µS/cm;Cond;-0.1;°C;Temp;;;C = 0.475 1/cm   Tref25   nLF;TetraCon 925-P; 16201701;
Multi 3620 IDS; 22490970;4;20.08.2026 16:34:55;8.3;µS/cm;Cond;-0.1;°C;Temp;;;C = 0.475 1/cm   Tref25   nLF;TetraCon 925-P; 16201701;
Multi 3620 IDS; 22490970;4;20.08.2026 16:34:56;8.2;µS/cm;Cond;-0.1;°C;Temp;;;C = 0.475 1/cm   Tref25   nLF;TetraCon 925-P; 16201701;
Multi 3620 IDS; 22490970;4;20.08.2026 16:34:57;8.1;µS/cm;Cond;-0.1;°C;Temp;;;C = 0.475 1/cm   Tref25   nLF;TetraCon 925-P; 16201701;
Multi 3620 IDS; 22490970;4;20.08.2026 16:34:58;8.0;µS/cm;Cond;-0.1;°C;Temp;;;C = 0.475 1/cm   Tref25   nLF;TetraCon 925-P; 16201701;
Multi 3620 IDS; 22490970;4;20.08.2026 16:34:59;7.9;µS/cm;Cond;-0.1;°C;Temp;;;C = 0.475 1/cm   Tref25   nLF;TetraCon 925-P; 16201701;
Multi 3620 IDS; 22490970;4;20.08.2026 16:35:00;7.8;µS/cm;Cond;-0.1;°C;Temp;;;C = 0.475 1/cm   Tref25   nLF;TetraCon 925-P; 16201701;
Multi 3620 IDS; 22490970;4;20.08.2026 16:35:01;7.8;µS/cm;Cond;-0.1;°C;Temp;;;C = 0.475 1/cm   Tref25   nLF;TetraCon 925-P; 16201701;
Multi 3620 IDS; 22490970;4;20.08.2026 16:35:02;7.7;µS/cm;Cond;-0.1;°C;Temp;;;C = 0.475 1/cm   Tref25   nLF;TetraCon 925-P; 16201701;
Multi 3620 IDS; 22490970;4;20.08.2026 16:35:03;7.6;µS/cm;Cond;-0.1;°C;Temp;;;C = 0.475 1/cm   Tref25   nLF;TetraCon 925-P; 16201701;
Multi 3620 IDS; 22490970;4;20.08.2026 16:35:04;7.6;µS/cm;Cond;-0.1;°C;Temp;;;C = 0.475 1/cm   Tref25   nLF;TetraCon 925-P; 16201701;
Multi 3620 IDS; 22490970;4;20.08.2026 16:35:05;7.5;µS/cm;Cond;-0.1;°C;Temp;;;C = 0.475 1/cm   Tref25   nLF;TetraCon 925-P; 16201701;
Multi 3620 IDS; 22490970;4;20.08.2026 16:35:06;7.4;µS/cm;Cond;-0.1;°C;Temp;;;C = 0.475 1/cm   Tref25   nLF;TetraCon 925-P; 16201701;
Multi 3620 IDS; 22490970;4;20.08.2026 16:35:07;7.4;µS/cm;Cond;-0.1;°C;Temp;;;C = 0.475 1/cm   Tref25   nLF;TetraCon 925-P; 16201701;
Multi 3620 IDS; 22490970;4;20.08.2026 16:35:08;7.3;µS/cm;Cond;-0.1;°C;Temp;;;C = 0.475 1/cm   Tref25   nLF;TetraCon 925-P; 16201701;
Multi 3620 IDS; 22490970;4;20.08.2026 16:35:09;7.2;µS/cm;Cond;-0.1;°C;Temp;;;C = 0.475 1/cm   Tref25   nLF;TetraCon 925-P; 16201701;
Multi 3620 IDS; 22490970;4;20.08.2026 16:35:10;7.2;µS/cm;Cond;-0.1;°C;Temp;;;C = 0.475 1/cm   Tref25   nLF;TetraCon 925-P; 16201701;
Multi 3620 IDS; 22490970;4;20.08.2026 16:35:11;7.1;µS/cm;Cond;-0.1;°C;Temp;;;C = 0.475 1/cm   Tref25   nLF;TetraCon 925-P; 16201701;
Multi 3620 IDS; 22490970;4;20.08.2026 16:35:12;7.0;µS/cm;Cond;-0.1;°C;Temp;;;C = 0.475 1/cm   Tref25   nLF;TetraCon 925-P; 16201701;
Multi 3620 IDS; 22490970;4;20.08.2026 16:35:13;7.0;µS/cm;Cond;-0.1;°C;Temp;;;C = 0.475 1/cm   Tref25   nLF;TetraCon 925-P; 16201701;
Multi 3620 IDS; 22490970;4;20.08.2026 16:35:14;6.9;µS/cm;Cond;-0.1;°C;Temp;;;C = 0.475 1/cm   Tref25   nLF;TetraCon 925-P; 16201701;
Multi 3620 IDS; 22490970;4;20.08.2026 16:35:15;6.8;µS/cm;Cond;-0.1;°C;Temp;;;C = 0.475 1/cm   Tref25   nLF;TetraCon 925-P; 16201701;
Multi 3620 IDS; 22490970;4;20.08.2026 16:35:16;6.8;µS/cm;Cond;-0.1;°C;Temp;;;C = 0.475 1/cm   Tref25   nLF;TetraCon 925-P; 16201701;
Multi 3620 IDS; 22490970;4;20.08.2026 16:35:17;6.7;µS/cm;Cond;-0.1;°C;Temp;;;C = 0.475 1/cm   Tref25   nLF;TetraCon 925-P; 16201701;
Multi 3620 IDS; 22490970;4;20.08.2026 16:35:18;6.7;µS/cm;Cond;-0.1;°C;Temp;;;C = 0.475 1/cm   Tref25   nLF;TetraCon 925-P; 16201701;
Multi 3620 IDS; 22490970;4;20.08.2026 16:35:19;6.6;µS/cm;Cond;-0.1;°C;Temp;;;C = 0.475 1/cm   Tref25   nLF;TetraCon 925-P; 16201701;
Multi 3620 IDS; 22490970;4;20.08.2026 16:35:20;6.6;µS/cm;Cond;-0.1;°C;Temp;;;C = 0.475 1/cm   Tref25   nLF;TetraCon 925-P; 16201701;
Multi 3620 IDS; 22490970;4;20.08.2026 16:35:21;6.5;µS/cm;Cond;-0.1;°C;Temp;;;C = 0.475 1/cm   Tref25   nLF;TetraCon 925-P; 16201701;
Multi 3620 IDS; 22490970;4;20.08.2026 16:35:22;6.5;µS/cm;Cond;-0.1;°C;Temp;;;C = 0.475 1/cm   Tref25   nLF;TetraCon 925-P; 16201701;
Multi 3620 IDS; 22490970;4;20.08.2026 16:35:23;6.4;µS/cm;Cond;-0.1;°C;Temp;;;C = 0.475 1/cm   Tref25   nLF;TetraCon 925-P; 16201701;
Multi 3620 IDS; 22490970;4;20.08.2026 16:35:24;6.4;µS/cm;Cond;-0.1;°C;Temp;;;C = 0.475 1/cm   Tref25   nLF;TetraCon 925-P; 16201701;
Multi 3620 IDS; 22490970;4;20.08.2026 16:35:25;6.3;µS/cm;Cond;-0.1;°C;Temp;;;C = 0.475 1/cm   Tref25   nLF;TetraCon 925-P; 16201701;
Multi 3620 IDS; 22490970;4;20.08.2026 16:35:26;6.3;µS/cm;Cond;-0.1;°C;Temp;;;C = 0.475 1/cm   Tref25   nLF;TetraCon 925-P; 16201701;
Multi 3620 IDS; 22490970;4;20.08.2026 16:35:27;6.2;µS/cm;Cond;-0.1;°C;Temp;;;C = 0.475 1/cm   Tref25   nLF;TetraCon 925-P; 16201701;
Multi 3620 IDS; 22490970;4;20.08.2026 16:35:28;6.2;µS/cm;Cond;-0.1;°C;Temp;;;C = 0.475 1/cm   Tref25   nLF;TetraCon 925-P; 16201701;
Multi 3620 IDS; 22490970;4;20.08.2026 16:35:29;6.1;µS/cm;Cond;-0.1;°C;Temp;;;C = 0.475 1/cm   Tref25   nLF;TetraCon 925-P; 16201701;
Multi 3620 IDS; 22490970;4;20.08.2026 16:35:30;6.1;µS/cm;Cond;-0.1;°C;Temp;;;C = 0.475 1/cm   Tref25   nLF;TetraCon 925-P; 16201701;
Multi 3620 IDS; 22490970;4;20.08.2026 16:35:31;6.0;µS/cm;Cond;-0.1;°C;Temp;;;C = 0.475 1/cm   Tref25   nLF;TetraCon 925-P; 16201701;
Multi 3620 IDS; 22490970;4;20.08.2026 16:35:32;6.0;µS/cm;Cond;-0.1;°C;Temp;;;C = 0.475 1/cm   Tref25   nLF;TetraCon 925-P; 16201701;
Multi 3620 IDS; 22490970;4;20.08.2026 16:35:33;5.9;µS/cm;Cond;-0.1;°C;Temp;;;C = 0.475 1/cm   Tref25   nLF;TetraCon 925-P; 16201701;
Multi 3620 IDS; 22490970;4;20.08.2026 16:35:34;5.9;µS/cm;Cond;-0.1;°C;Temp;;;C = 0.475 1/cm   Tref25   nLF;TetraCon 925-P; 16201701;
Multi 3620 IDS; 22490970;4;20.08.2026 16:35:35;5.9;µS/cm;Cond;-0.1;°C;Temp;;;C = 0.475 1/cm   Tref25   nLF;TetraCon 925-P; 16201701;
Multi 3620 IDS; 22490970;4;20.08.2026 16:35:36;5.8;µS/cm;Cond;-0.1;°C;Temp;;;C = 0.475 1/cm   Tref25   nLF;TetraCon 925-P; 16201701;
Multi 3620 IDS; 22490970;4;20.08.2026 16:35:37;5.8;µS/cm;Cond;-0.1;°C;Temp;;;C = 0.475 1/cm   Tref25   nLF;TetraCon 925-P; 16201701;
Multi 3620 IDS; 22490970;4;20.08.2026 16:35:38;5.7;µS/cm;Cond;-0.1;°C;Temp;;;C = 0.475 1/cm   Tref25   nLF;TetraCon 925-P; 16201701;
Multi 3620 IDS; 22490970;4;20.08.2026 16:35:39;5.7;µS/cm;Cond;-0.1;°C;Temp;;;C = 0.475 1/cm   Tref25   nLF;TetraCon 925-P; 16201701;
Multi 3620 IDS; 22490970;4;20.08.2026 16:35:40;5.7;µS/cm;Cond;-0.1;°C;Temp;;;C = 0.475 1/cm   Tref25   nLF;TetraCon 925-P; 16201701;
Multi 3620 IDS; 22490970;4;20.08.2026 16:35:41;5.6;µS/cm;Cond;-0.1;°C;Temp;;;C = 0.475 1/cm   Tref25   nLF;TetraCon 925-P; 16201701;
Multi 3620 IDS; 22490970;4;20.08.2026 16:35:42;5.6;µS/cm;Cond;-0.1;°C;Temp;;;C = 0.475 1/cm   Tref25   nLF;TetraCon 925-P; 16201701;
Multi 3620 IDS; 22490970;4;20.08.2026 16:35:43;5.5;µS/cm;Cond;-0.1;°C;Temp;;;C = 0.475 1/cm   Tref25   nLF;TetraCon 925-P; 16201701;
Multi 3620 IDS; 22490970;4;20.08.2026 16:35:44;5.5;µS/cm;Cond;-0.1;°C;Temp;;;C = 0.475 1/cm   Tref25   nLF;TetraCon 925-P; 16201701;
Multi 3620 IDS; 22490970;4;20.08.2026 16:35:45;5.5;µS/cm;Cond;-0.1;°C;Temp;;;C = 0.475 1/cm   Tref25   nLF;TetraCon 925-P; 16201701;
Multi 3620 IDS; 22490970;4;20.08.2026 16:35:46;5.4;µS/cm;Cond;-0.1;°C;Temp;;;C = 0.475 1/cm   Tref25   nLF;TetraCon 925-P; 16201701;
Multi 3620 IDS; 22490970;4;20.08.2026 16:35:47;5.4;µS/cm;Cond;-0.1;°C;Temp;;;C = 0.475 1/cm   Tref25   nLF;TetraCon 925-P; 16201701;
Multi 3620 IDS; 22490970;4;20.08.2026 16:35:48;5.4;µS/cm;Cond;-0.1;°C;Temp;;;C = 0.475 1/cm   Tref25   nLF;TetraCon 925-P; 16201701;
Multi 3620 IDS; 22490970;4;20.08.2026 16:35:49;5.3;µS/cm;Cond;-0.1;°C;Temp;;;C = 0.475 1/cm   Tref25   nLF;TetraCon 925-P; 16201701;
Multi 3620 IDS; 22490970;4;20.08.2026 16:35:50;5.3;µS/cm;Cond;-0.1;°C;Temp;;;C = 0.475 1/cm   Tref25   nLF;TetraCon 925-P; 16201701;
Multi 3620 IDS; 22490970;4;20.08.2026 16:35:51;5.2;µS/cm;Cond;-0.1;°C;Temp;;;C = 0.475 1/cm   Tref25   nLF;TetraCon 925-P; 16201701;
Multi 3620 IDS; 22490970;4;20.08.2026 16:35:52;5.2;µS/cm;Cond;-0.1;°C;Temp;;;C = 0.475 1/cm   Tref25   nLF;TetraCon 925-P; 16201701;
Multi 3620 IDS; 22490970;4;20.08.2026 16:35:53;5.2;µS/cm;Cond;-0.1;°C;Temp;;;C = 0.475 1/cm   Tref25   nLF;TetraCon 925-P; 16201701;
Multi 3620 IDS; 22490970;4;20.08.2026 16:35:54;5.2;µS/cm;Cond;-0.1;°C;Temp;;;C = 0.475 1/cm   Tref25   nLF;TetraCon 925-P; 16201701;
Multi 3620 IDS; 22490970;4;20.08.2026 16:35:55;5.1;µS/cm;Cond;-0.1;°C;Temp;;;C = 0.475 1/cm   Tref25   nLF;TetraCon 925-P; 16201701;
Multi 3620 IDS; 22490970;4;20.08.2026 16:35:56;5.1;µS/cm;Cond;-0.1;°C;Temp;;;C = 0.475 1/cm   Tref25   nLF;TetraCon 925-P; 16201701;
Multi 3620 IDS; 22490970;4;20.08.2026 16:35:57;5.1;µS/cm;Cond;-0.1;°C;Temp;;;C = 0.475 1/cm   Tref25   nLF;TetraCon 925-P; 16201701;
Multi 3620 IDS; 22490970;4;20.08.2026 16:35:58;5.0;µS/cm;Cond;-0.1;°C;Temp;;;C = 0.475 1/cm   Tref25   nLF;TetraCon 925-P; 16201701;
Multi 3620 IDS; 22490970;4;20.08.2026 16:35:59;5.0;µS/cm;Cond;-0.1;°C;Temp;;;C = 0.475 1/cm   Tref25   nLF;TetraCon 925-P; 16201701;
Multi 3620 IDS; 22490970;4;20.08.2026 16:36:00;5.0;µS/cm;Cond;-0.1;°C;Temp;;;C = 0.475 1/cm   Tref25   nLF;TetraCon 925-P; 16201701;
Multi 3620 IDS; 22490970;4;20.08.2026 16:36:01;4.9;µS/cm;Cond;-0.1;°C;Temp;;;C = 0.475 1/cm   Tref25   nLF;TetraCon 925-P; 16201701;
Multi 3620 IDS; 22490970;4;20.08.2026 16:36:02;4.9;µS/cm;Cond;-0.1;°C;Temp;;;C = 0.475 1/cm   Tref25   nLF;TetraCon 925-P; 16201701;
Multi 3620 IDS; 22490970;4;20.08.2026 16:36:03;4.9;µS/cm;Cond;-0.1;°C;Temp;;;C = 0.475 1/cm   Tref25   nLF;TetraCon 925-P; 16201701;
Multi 3620 IDS; 22490970;4;20.08.2026 16:36:04;4.8;µS/cm;Cond;-0.1;°C;Temp;;;C = 0.475 1/cm   Tref25   nLF;TetraCon 925-P; 16201701;
Multi 3620 IDS; 22490970;4;20.08.2026 16:36:05;4.8;µS/cm;Cond;-0.1;°C;Temp;;;C = 0.475 1/cm   Tref25   nLF;TetraCon 925-P; 16201701;
Multi 3620 IDS; 22490970;4;20.08.2026 16:36:06;4.8;µS/cm;Cond;-0.1;°C;Temp;;;C = 0.475 1/cm   Tref25   nLF;TetraCon 925-P; 16201701;
Multi 3620 IDS; 22490970;4;20.08.2026 16:36:07;4.8;µS/cm;Cond;-0.1;°C;Temp;;;C = 0.475 1/cm   Tref25   nLF;TetraCon 925-P; 16201701;
Multi 3620 IDS; 22490970;4;20.08.2026 16:36:08;4.7;µS/cm;Cond;-0.1;°C;Temp;;;C = 0.475 1/cm   Tref25   nLF;TetraCon 925-P; 16201701;
Multi 3620 IDS; 22490970;4;20.08.2026 16:36:09;4.7;µS/cm;Cond;-0.1;°C;Temp;;;C = 0.475 1/cm   Tref25   nLF;TetraCon 925-P; 16201701;
Multi 3620 IDS; 22490970;4;20.08.2026 16:36:10;4.7;µS/cm;Cond;-0.1;°C;Temp;;;C = 0.475 1/cm   Tref25   nLF;TetraCon 925-P; 16201701;
Multi 3620 IDS; 22490970;4;20.08.2026 16:36:11;4.6;µS/cm;Cond;-0.1;°C;Temp;;;C = 0.475 1/cm   Tref25   nLF;TetraCon 925-P; 16201701;
Multi 3620 IDS; 22490970;4;20.08.2026 16:36:12;4.6;µS/cm;Cond;-0.1;°C;Temp;;;C = 0.475 1/cm   Tref25   nLF;TetraCon 925-P; 16201701;
Multi 3620 IDS; 22490970;4;20.08.2026 16:36:13;4.6;µS/cm;Cond;-0.1;°C;Temp;;;C = 0.475 1/cm   Tref25   nLF;TetraCon 925-P; 16201701;
Multi 3620 IDS; 22490970;4;20.08.2026 16:36:14;4.6;µS/cm;Cond;-0.1;°C;Temp;;;C = 0.475 1/cm   Tref25   nLF;TetraCon 925-P; 16201701;
Multi 3620 IDS; 22490970;4;20.08.2026 16:36:15;4.5;µS/cm;Cond;-0.1;°C;Temp;;;C = 0.475 1/cm   Tref25   nLF;TetraCon 925-P; 16201701;
Multi 3620 IDS; 22490970;4;20.08.2026 16:36:16;4.5;µS/cm;Cond;-0.1;°C;Temp;;;C = 0.475 1/cm   Tref25   nLF;TetraCon 925-P; 16201701;
Multi 3620 IDS; 22490970;4;20.08.2026 16:36:17;4.5;µS/cm;Cond;-0.1;°C;Temp;;;C = 0.475 1/cm   Tref25   nLF;TetraCon 925-P; 16201701;
Multi 3620 IDS; 22490970;4;20.08.2026 16:36:18;4.5;µS/cm;Cond;-0.1;°C;Temp;;;C = 0.475 1/cm   Tref25   nLF;TetraCon 925-P; 16201701;
Multi 3620 IDS; 22490970;4;20.08.2026 16:36:19;4.5;µS/cm;Cond;-0.1;°C;Temp;;;C = 0.475 1/cm   Tref25   nLF;TetraCon 925-P; 16201701;
Multi 3620 IDS; 22490970;4;20.08.2026 16:36:20;4.4;µS/cm;Cond;-0.1;°C;Temp;;;C = 0.475 1/cm   Tref25   nLF;TetraCon 925-P; 16201701;
Multi 3620 IDS; 22490970;4;20.08.2026 16:36:21;4.4;µS/cm;Cond;-0.1;°C;Temp;;;C = 0.475 1/cm   Tref25   nLF;TetraCon 925-P; 16201701;
Multi 3620 IDS; 22490970;4;20.08.2026 16:36:22;4.4;µS/cm;Cond;-0.1;°C;Temp;;;C = 0.475 1/cm   Tref25   nLF;TetraCon 925-P; 16201701;
Multi 3620 IDS; 22490970;4;20.08.2026 16:36:23;4.3;µS/cm;Cond;-0.1;°C;Temp;;;C = 0.475 1/cm   Tref25   nLF;TetraCon 925-P; 16201701;
Multi 3620 IDS; 22490970;4;20.08.2026 16:36:24;4.3;µS/cm;Cond;-0.1;°C;Temp;;;C = 0.475 1/cm   Tref25   nLF;TetraCon 925-P; 16201701;
Multi 3620 IDS; 22490970;4;20.08.2026 16:36:25;4.3;µS/cm;Cond;-0.1;°C;Temp;;;C = 0.475 1/cm   Tref25   nLF;TetraCon 925-P; 16201701;
Multi 3620 IDS; 22490970;4;20.08.2026 16:36:26;4.3;µS/cm;Cond;-0.1;°C;Temp;;;C = 0.475 1/cm   Tref25   nLF;TetraCon 925-P; 16201701;
Multi 3620 IDS; 22490970;4;20.08.2026 16:36:27;4.2;µS/cm;Cond;-0.1;°C;Temp;;;C = 0.475 1/cm   Tref25   nLF;TetraCon 925-P; 16201701;
Multi 3620 IDS; 22490970;4;20.08.2026 16:36:28;4.2;µS/cm;Cond;-0.1;°C;Temp;;;C = 0.475 1/cm   Tref25   nLF;TetraCon 925-P; 16201701;
Multi 3620 IDS; 22490970;4;20.08.2026 16:36:29;4.2;µS/cm;Cond;-0.1;°C;Temp;;;C = 0.475 1/cm   Tref25   nLF;TetraCon 925-P; 16201701;
Multi 3620 IDS; 22490970;4;20.08.2026 16:36:30;4.2;µS/cm;Cond;-0.1;°C;Temp;;;C = 0.475 1/cm   Tref25   nLF;TetraCon 925-P; 16201701;
Multi 3620 IDS; 22490970;4;20.08.2026 16:36:31;4.2;µS/cm;Cond;-0.1;°C;Temp;;;C = 0.475 1/cm   Tref25   nLF;TetraCon 925-P; 16201701;
Multi 3620 IDS; 22490970;4;20.08.2026 16:36:32;4.1;µS/cm;Cond;-0.1;°C;Temp;;;C = 0.475 1/cm   Tref25   nLF;TetraCon 925-P; 16201701;
Multi 3620 IDS; 22490970;4;20.08.2026 16:36:33;4.1;µS/cm;Cond;-0.1;°C;Temp;;;C = 0.475 1/cm   Tref25   nLF;TetraCon 925-P; 16201701;
Multi 3620 IDS; 22490970;4;20.08.2026 16:36:34;4.1;µS/cm;Cond;-0.1;°C;Temp;AR;;C = 0.475 1/cm   Tref25   nLF;TetraCon 925-P; 16201701;
Multi 3620 IDS; 22490970;4;20.08.2026 16:36:35;4.1;µS/cm;Cond;-0.1;°C;Temp;AR;;C = 0.475 1/cm   Tref25   nLF;TetraCon 925-P; 16201701;
Multi 3620 IDS; 22490970;4;20.08.2026 16:36:36;4.1;µS/cm;Cond;-0.1;°C;Temp;AR;;C = 0.475 1/cm   Tref25   nLF;TetraCon 925-P; 16201701;
Multi 3620 IDS; 22490970;4;20.08.2026 16:36:37;4.1;µS/cm;Cond;-0.1;°C;Temp;AR;;C = 0.475 1/cm   Tref25   nLF;TetraCon 925-P; 16201701;
Multi 3620 IDS; 22490970;4;20.08.2026 16:36:38;4.0;µS/cm;Cond;-0.1;°C;Temp;AR;;C = 0.475 1/cm   Tref25   nLF;TetraCon 925-P; 16201701;
Multi 3620 IDS; 22490970;4;20.08.2026 16:36:39;4.0;µS/cm;Cond;-0.1;°C;Temp;AR;;C = 0.475 1/cm   Tref25   nLF;TetraCon 925-P; 16201701;
Multi 3620 IDS; 22490970;4;20.08.2026 16:36:40;4.0;µS/cm;Cond;-0.1;°C;Temp;AR;;C = 0.475 1/cm   Tref25   nLF;TetraCon 925-P; 16201701;
Multi 3620 IDS; 22490970;4;20.08.2026 16:36:41;4.0;µS/cm;Cond;-0.1;°C;Temp;AR;;C = 0.475 1/cm   Tref25   nLF;TetraCon 925-P; 16201701;
Multi 3620 IDS; 22490970;4;20.08.2026 16:36:42;4.0;µS/cm;Cond;-0.1;°C;Temp;AR;;C = 0.475 1/cm   Tref25   nLF;TetraCon 925-P; 16201701;
Multi 3620 IDS; 22490970;4;20.08.2026 16:36:43;4.0;µS/cm;Cond;-0.1;°C;Temp;AR;;C = 0.475 1/cm   Tref25   nLF;TetraCon 925-P; 16201701;
Multi 3620 IDS; 22490970;4;20.08.2026 16:36:44;3.9;µS/cm;Cond;-0.1;°C;Temp;AR;;C = 0.475 1/cm   Tref25   nLF;TetraCon 925-P; 16201701;
